{
"type": "FeatureCollection",
"name": "resultados",
"crs": { "type": "name", "properties": { "name": "urn:ogc:def:crs:OGC:1.3:CRS84" } },
"features": [
{ "type": "Feature", "properties": { "OBJECTID": 1, "X": 434493.0, "Y": 8865614.0, "ID": "TCL01", "Prof": "0-20", "Mg": "12047,34", "Al": 103901.406967, "K": 10116.4072762, "Ca": 15064.630780900001, "V": "155,11552379", "Cr": 52.009243522799999, "Mn": 991.43574276699997, "Fe": 42417.27596340001, "Co": "< LOD", "Ni": "45,5", "Cu": 66.079016831199993, "Zn": 63.434566403700003, "As_": "< LOD", "Se": "< LOD", "Mo": "9", "Ag": "< LOD", "Cd": "< LOD", "Sb": "< LOD", "Ba": 589.13539613600005, "Hg": "< LOD", "Pb": "22,242434219" }, "geometry": { "type": "Point", "coordinates": [ -39.598190330999955, -10.261500004999959 ] } },
{ "type": "Feature", "properties": { "OBJECTID": 2, "X": 434493.0, "Y": 8865614.0, "ID": "TCL01", "Prof": "30-50", "Mg": "15783,061469", "Al": 107592.797116, "K": 7627.1212918199999, "Ca": 17173.4627998, "V": "191,06504433", "Cr": 65.661669947500002, "Mn": 960.08172254800002, "Fe": 50409.071487000001, "Co": "< LOD", "Ni": "79", "Cu": 87.377212338700005, "Zn": 63.434566403700003, "As_": "< LOD", "Se": "< LOD", "Mo": "11", "Ag": "< LOD", "Cd": "< LOD", "Sb": "< LOD", "Ba": 724.50531130900004, "Hg": "< LOD", "Pb": "19,573342113" }, "geometry": { "type": "Point", "coordinates": [ -39.598190330999955, -10.261500004999959 ] } },
{ "type": "Feature", "properties": { "OBJECTID": 3, "X": 447716.0, "Y": 8858798.0, "ID": "TCL02", "Prof": "0-20", "Mg": "< LOD", "Al": 116049.716105, "K": 21314.743500100001, "Ca": 5396.4470636599999, "V": "15,977564682", "Cr": 67.937074351700005, "Mn": 50.815136216, "Fe": 4409.1924617900004, "Co": "< LOD", "Ni": "< LOD", "Cu": 19.113765199100001, "Zn": 10.326557321499999, "As_": "< LOD", "Se": "< LOD", "Mo": "11", "Ag": "< LOD", "Cd": "< LOD", "Sb": "< LOD", "Ba": 879.21378579300006, "Hg": "< LOD", "Pb": "15,124855269" }, "geometry": { "type": "Point", "coordinates": [ -39.477537806999976, -10.32334455299997 ] } },
{ "type": "Feature", "properties": { "OBJECTID": 4, "X": 447716.0, "Y": 8858798.0, "ID": "TCL02", "Prof": "50-70", "Mg": "< LOD", "Al": 113091.703406, "K": 24852.513131200001, "Ca": 5753.3263283899996, "V": "31,955129365", "Cr": 61.760976683300001, "Mn": 45.409270661100003, "Fe": 4680.4282908799996, "Co": "< LOD", "Ni": "< LOD", "Cu": 18.0215500449, "Zn": 9.8348164967000002, "As_": "< LOD", "Se": "< LOD", "Mo": "9", "Ag": "< LOD", "Cd": "< LOD", "Sb": "< LOD", "Ba": 872.9978203, "Hg": "< LOD", "Pb": "14,2351579" }, "geometry": { "type": "Point", "coordinates": [ -39.477537806999976, -10.32334455299997 ] } },
{ "type": "Feature", "properties": { "OBJECTID": 5, "X": 392180.0, "Y": 8796890.0, "ID": "TCL03", "Prof": "0-20", "Mg": "8814,9635894", "Al": 100610.04088099999, "K": 8803.0156094499998, "Ca": 17631.133420499998, "V": "< LOD", "Cr": 54.609705698900001, "Mn": 658.43442458599998, "Fe": 22075.304443500001, "Co": "< LOD", "Ni": "< LOD", "Cu": 32.766454627000002, "Zn": 33.438376088799998, "As_": "< LOD", "Se": "< LOD", "Mo": "< LOD", "Ag": "< LOD", "Cd": "< LOD", "Sb": "< LOD", "Ba": 364.66997556799998, "Hg": "< LOD", "Pb": "14,2351579" }, "geometry": { "type": "Point", "coordinates": [ -39.986530559999949, -10.88202333199996 ] } },
{ "type": "Feature", "properties": { "OBJECTID": 6, "X": 392180.0, "Y": 8796890.0, "ID": "TCL03", "Prof": "20-40", "Mg": "9992,5052474", "Al": 112969.75874799999, "K": 6300.4576801900002, "Ca": 18697.012824500001, "V": "74,561968518", "Cr": 58.510398963199997, "Mn": 434.63159061300001, "Fe": 27935.8590726, "Co": "< LOD", "Ni": "< LOD", "Cu": 42.596391015099996, "Zn": 34.4218577384, "As_": "< LOD", "Se": "< LOD", "Mo": "9", "Ag": "< LOD", "Cd": "< LOD", "Sb": "< LOD", "Ba": 618.83389793399999, "Hg": "< LOD", "Pb": "< LOD" }, "geometry": { "type": "Point", "coordinates": [ -39.986530559999949, -10.88202333199996 ] } },
{ "type": "Feature", "properties": { "OBJECTID": 7, "X": 448955.0, "Y": 8825591.0, "ID": "TCL04", "Prof": "0-20", "Mg": "5950,19", "Al": 115453.099019, "K": 9383.7959180199996, "Ca": 5764.5734324900004, "V": "< LOD", "Cr": 73.788114248, "Mn": 249.21040208, "Fe": 10342.0289345, "Co": "< LOD", "Ni": "< LOD", "Cu": 22.390410661800001, "Zn": 18.1944105189, "As_": "< LOD", "Se": "< LOD", "Mo": "6,5", "Ag": "< LOD", "Cd": "< LOD", "Sb": "< LOD", "Ba": 375.02991805599999, "Hg": "< LOD", "Pb": "< LOD" }, "geometry": { "type": "Point", "coordinates": [ -39.466670678999947, -10.623685531999968 ] } },
{ "type": "Feature", "properties": { "OBJECTID": 8, "X": 448955.0, "Y": 8825591.0, "ID": "TCL04", "Prof": "50-70", "Mg": "6516,51163", "Al": 86537.019568000003, "K": 10455.8151469, "Ca": 3342.4086288799999, "V": "< LOD", "Cr": 76.063518652100001, "Mn": 44.328097550099997, "Fe": 2164.8769999900001, "Co": "< LOD", "Ni": "< LOD", "Cu": 18.203585903899999, "Zn": 7.8678531973599997, "As_": "< LOD", "Se": "< LOD", "Mo": "7", "Ag": "< LOD", "Cd": "< LOD", "Sb": "< LOD", "Ba": 482.08265709599999, "Hg": "< LOD", "Pb": "< LOD" }, "geometry": { "type": "Point", "coordinates": [ -39.466670678999947, -10.623685531999968 ] } },
{ "type": "Feature", "properties": { "OBJECTID": 9, "X": 485189.0, "Y": 8809737.0, "ID": "TCL05", "Prof": "0-20", "Mg": "11777,369386", "Al": 112210.73873, "K": 17101.6973129, "Ca": 18857.932929300001, "V": "54,590012665", "Cr": 113.120104662, "Mn": 550.31711348800002, "Fe": 20106.518781700001, "Co": "< LOD", "Ni": "< LOD", "Cu": 31.6742394728, "Zn": 43.273192585499999, "As_": "< LOD", "Se": "< LOD", "Mo": "< LOD", "Ag": "< LOD", "Cd": "< LOD", "Sb": "< LOD", "Ba": 732.102602467, "Hg": "< LOD", "Pb": "< LOD" }, "geometry": { "type": "Point", "coordinates": [ -39.135472209999932, -10.767389065999964 ] } },
{ "type": "Feature", "properties": { "OBJECTID": 10, "X": 485189.0, "Y": 8809737.0, "ID": "TCL05", "Prof": "20-40", "Mg": "9862,6436881", "Al": 105958.51077, "K": 14014.1120527, "Ca": 15052.9510959, "V": "57,252940112", "Cr": 89.715945076799997, "Mn": 351.38126106800001, "Fe": 19023.7224508, "Co": "< LOD", "Ni": "< LOD", "Cu": 32.766454627000002, "Zn": 38.355784337099998, "As_": "< LOD", "Se": "< LOD", "Mo": "< LOD", "Ag": "< LOD", "Cd": "< LOD", "Sb": "< LOD", "Ba": 819.12611936400003, "Hg": "< LOD", "Pb": "17,793947375" }, "geometry": { "type": "Point", "coordinates": [ -39.135472209999932, -10.767389065999964 ] } },
{ "type": "Feature", "properties": { "OBJECTID": 11, "X": 516639.0, "Y": 8820913.0, "ID": "TCL06", "Prof": "0-20", "Mg": "< LOD", "Al": 90921.708783599999, "K": 2552.4604420599999, "Ca": 434.31125065499998, "V": "< LOD", "Cr": 93.6166383411, "Mn": 46.490443772100001, "Fe": 7030.6617017799999, "Co": "< LOD", "Ni": "< LOD", "Cu": 22.9365182389, "Zn": 7.8678531973599997, "As_": "< LOD", "Se": "< LOD", "Mo": "6", "Ag": "< LOD", "Cd": "< LOD", "Sb": "< LOD", "Ba": 0.0, "Hg": "< LOD", "Pb": "< LOD" }, "geometry": { "type": "Point", "coordinates": [ -38.847858083999938, -10.666304000999958 ] } },
{ "type": "Feature", "properties": { "OBJECTID": 12, "X": 516639.0, "Y": 8820913.0, "ID": "TCL06", "Prof": "50-70", "Mg": "10937,174861", "Al": 106852.58164800001, "K": 2923.5440213000002, "Ca": 348117.77063699998, "V": "< LOD", "Cr": 88.253185102800003, "Mn": 240.561017193, "Fe": 10241.657364500001, "Co": "< LOD", "Ni": "< LOD", "Cu": 31.6742394728, "Zn": 10.572427734, "As_": "3,1256649633", "Se": "< LOD", "Mo": "7", "Ag": "< LOD", "Cd": "< LOD", "Sb": "< LOD", "Ba": 0.0, "Hg": "< LOD", "Pb": "< LOD" }, "geometry": { "type": "Point", "coordinates": [ -38.847858083999938, -10.666304000999958 ] } },
{ "type": "Feature", "properties": { "OBJECTID": 13, "X": 386720.0, "Y": 8759858.0, "ID": "TCL07", "Prof": "0-20", "Mg": "8069,9683281", "Al": 159599.344415, "K": 18096.5623022, "Ca": 12666.8347029, "V": "69,236113624", "Cr": 70.862594299799994, "Mn": 1286.59600206, "Fe": 30456.419996199998, "Co": "< LOD", "Ni": "< LOD", "Cu": 30.582024318599998, "Zn": 34.4218577384, "As_": "8,3351065687", "Se": "< LOD", "Mo": "< LOD", "Ag": "< LOD", "Cd": "< LOD", "Sb": "< LOD", "Ba": 233.44403739000001, "Hg": "< LOD", "Pb": "17,793947375" }, "geometry": { "type": "Point", "coordinates": [ -40.037658951999958, -11.216720101999954 ] } },
{ "type": "Feature", "properties": { "OBJECTID": 14, "X": 386720.0, "Y": 8759858.0, "ID": "TCL07", "Prof": "50-70", "Mg": "8307,2341846", "Al": 149229.48983899999, "K": 16183.6326448, "Ca": 18166.668608100001, "V": "63,466437489", "Cr": 70.645889118499994, "Mn": 1095.9491434900001, "Fe": 29876.256815600002, "Co": "< LOD", "Ni": "< LOD", "Cu": 30.582024318599998, "Zn": 30.487931139800001, "As_": "9,0296987828", "Se": "< LOD", "Mo": "8,5", "Ag": "< LOD", "Cd": "< LOD", "Sb": "< LOD", "Ba": 264.75408579800001, "Hg": "< LOD", "Pb": "16,311118427" }, "geometry": { "type": "Point", "coordinates": [ -40.037658951999958, -11.216720101999954 ] } },
{ "type": "Feature", "properties": { "OBJECTID": 15, "X": 444771.0, "Y": 8775014.0, "ID": "TCL08", "Prof": "0-20", "Mg": "6243,1188736", "Al": 96420.615073199995, "K": 5015.7334144300003, "Ca": 4036.8452102699998, "V": "23,966347024", "Cr": 105.31871813399999, "Mn": 627.08040436700003, "Fe": 11983.757145400001, "Co": "< LOD", "Ni": "< LOD", "Cu": 27.305378855899999, "Zn": 29.504449490100001, "As_": "7,2932182476", "Se": "< LOD", "Mo": "8", "Ag": "< LOD", "Cd": "< LOD", "Sb": "< LOD", "Ba": 0.0, "Hg": "< LOD", "Pb": "< LOD" }, "geometry": { "type": "Point", "coordinates": [ -39.505689601999961, -11.081031570999926 ] } },
{ "type": "Feature", "properties": { "OBJECTID": 16, "X": 444771.0, "Y": 8775014.0, "ID": "TCL08", "Prof": "50-70", "Mg": "< LOD", "Al": 119082.94700499999, "K": 5733.4801943100001, "Ca": 2101.47814311, "V": "< LOD", "Cr": 97.517331605300001, "Mn": 670.32732880599997, "Fe": 18095.509072600002, "Co": "< LOD", "Ni": "< LOD", "Cu": 32.766454627000002, "Zn": 32.454894439100002, "As_": "9,3769948898", "Se": "< LOD", "Mo": "12", "Ag": "< LOD", "Cd": "< LOD", "Sb": "< LOD", "Ba": 0.0, "Hg": "< LOD", "Pb": "< LOD" }, "geometry": { "type": "Point", "coordinates": [ -39.505689601999961, -11.081031570999926 ] } },
{ "type": "Feature", "properties": { "OBJECTID": 17, "X": 486279.0, "Y": 8772200.0, "ID": "TCL09", "Prof": "0-20", "Mg": "16796,079272", "Al": 121030.642517, "K": 14463.2346679, "Ca": 13960.2516744, "V": "95,865388095", "Cr": 171.63050362499999, "Mn": 967.649934325, "Fe": 39913.890923400002, "Co": "< LOD", "Ni": "60", "Cu": 51.334112249, "Zn": 62.942825578899999, "As_": "< LOD", "Se": "< LOD", "Mo": "< LOD", "Ag": "< LOD", "Cd": "< LOD", "Sb": "< LOD", "Ba": 0.0, "Hg": "< LOD", "Pb": "16,014552638" }, "geometry": { "type": "Point", "coordinates": [ -39.125645143999975, -11.106878690999963 ] } },
{ "type": "Feature", "properties": { "OBJECTID": 18, "X": 486279.0, "Y": 8772200.0, "ID": "TCL09", "Prof": "50-70", "Mg": "16431,881064", "Al": 123781.805167, "K": 12579.6802486, "Ca": 19501.6133486, "V": "166,43296544", "Cr": 135.22403315899999, "Mn": 920.07831744199996, "Fe": 43202.35697790001, "Co": "< LOD", "Ni": "44", "Cu": 49.149681940500002, "Zn": 61.959343929200003, "As_": "< LOD", "Se": "< LOD", "Mo": "< LOD", "Ag": "< LOD", "Cd": "< LOD", "Sb": "< LOD", "Ba": 330.136833943, "Hg": "< LOD", "Pb": "< LOD" }, "geometry": { "type": "Point", "coordinates": [ -39.125645143999975, -11.106878690999963 ] } },
{ "type": "Feature", "properties": { "OBJECTID": 19, "X": 517117.0, "Y": 8766020.0, "ID": "TCL10", "Prof": "0-20", "Mg": "7397,7150681", "Al": 44482.447956600001, "K": 12178.336635, "Ca": 763.50533606099998, "V": "< LOD", "Cr": 80.289269688299996, "Mn": 116.766695986, "Fe": 2333.0575272599999, "Co": "0", "Ni": "< LOD", "Cu": 19.113765199100001, "Zn": 12.7852614457, "As_": "< LOD", "Se": "< LOD", "Mo": "< LOD", "Ag": "< LOD", "Cd": "< LOD", "Sb": "< LOD", "Ba": 450.3121668, "Hg": "< LOD", "Pb": "< LOD" }, "geometry": { "type": "Point", "coordinates": [ -38.843227370999955, -11.162755360999938 ] } },
{ "type": "Feature", "properties": { "OBJECTID": 20, "X": 517117.0, "Y": 8766020.0, "ID": "TCL10", "Prof": "50-70", "Mg": "< LOD", "Al": 34359.90170490001, "K": 323.83545541900003, "Ca": 0.0, "V": "< LOD", "Cr": 67.612016579699997, "Mn": 0.0, "Fe": 579.68607272400004, "Co": "0", "Ni": "< LOD", "Cu": 20.752087930399998, "Zn": 0.0, "As_": "< LOD", "Se": "< LOD", "Mo": "< LOD", "Ag": "< LOD", "Cd": "< LOD", "Sb": "< LOD", "Ba": 0.0, "Hg": "< LOD", "Pb": "< LOD" }, "geometry": { "type": "Point", "coordinates": [ -38.843227370999955, -11.162755360999938 ] } },
{ "type": "Feature", "properties": { "OBJECTID": 21, "X": 594688.0, "Y": 8756607.0, "ID": "TCL11", "Prof": "0-20", "Mg": "8529,8540005", "Al": 122538.425527, "K": 14054.458765199999, "Ca": 1170.5639883199999, "V": "< LOD", "Cr": 57.210167875099998, "Mn": 75.682117768500007, "Fe": 11226.5869418, "Co": "< LOD", "Ni": "< LOD", "Cu": 19.6598727762, "Zn": 7.8678531973599997, "As_": "< LOD", "Se": "< LOD", "Mo": "9", "Ag": "< LOD", "Cd": "< LOD", "Sb": "< LOD", "Ba": 241.731991381, "Hg": "< LOD", "Pb": "< LOD" }, "geometry": { "type": "Point", "coordinates": [ -38.13254335299996, -11.24666205699998 ] } },
{ "type": "Feature", "properties": { "OBJECTID": 22, "X": 594688.0, "Y": 8756607.0, "ID": "TCL11", "Prof": "50-70", "Mg": "< LOD", "Al": 128351.880653, "K": 14034.285409, "Ca": 327.03118077200003, "V": "< LOD", "Cr": 57.8602834191, "Mn": 65.951559769699998, "Fe": 10136.633992700001, "Co": "< LOD", "Ni": "< LOD", "Cu": 20.752087930399998, "Zn": 9.8348164967000002, "As_": "5,2094416055", "Se": "< LOD", "Mo": "7", "Ag": "< LOD", "Cd": "< LOD", "Sb": "< LOD", "Ba": 241.731991381, "Hg": "< LOD", "Pb": "< LOD" }, "geometry": { "type": "Point", "coordinates": [ -38.13254335299996, -11.24666205699998 ] } },
{ "type": "Feature", "properties": { "OBJECTID": 23, "X": 367975.0, "Y": 8720758.0, "ID": "TCL12", "Prof": "0-20", "Mg": "< LOD", "Al": 141458.08217199999, "K": 13198.6837584, "Ca": 3384.5131724299999, "V": "< LOD", "Cr": 31.205546113699999, "Mn": 302.72847107400003, "Fe": 13212.5484872, "Co": "< LOD", "Ni": "< LOD", "Cu": 20.752087930399998, "Zn": 30.487931139800001, "As_": "< LOD", "Se": "< LOD", "Mo": "10", "Ag": "< LOD", "Cd": "< LOD", "Sb": "< LOD", "Ba": 660.27366788500001, "Hg": "< LOD", "Pb": "20,463039482" }, "geometry": { "type": "Point", "coordinates": [ -40.210835870999972, -11.569605534999937 ] } },
{ "type": "Feature", "properties": { "OBJECTID": 24, "X": 367975.0, "Y": 8720758.0, "ID": "TCL12", "Prof": "50-70", "Mg": "< LOD", "Al": 166071.52862600001, "K": 11304.511783100001, "Ca": 698.18561609200003, "V": "< LOD", "Cr": 20.8036974091, "Mn": 127.578427095, "Fe": 16473.819392599999, "Co": "< LOD", "Ni": "< LOD", "Cu": 21.844303084700002, "Zn": 30.487931139800001, "As_": "5,2094416055", "Se": "< LOD", "Mo": "12", "Ag": "< LOD", "Cd": "< LOD", "Sb": "< LOD", "Ba": 555.292917343, "Hg": "< LOD", "Pb": "18,683644744" }, "geometry": { "type": "Point", "coordinates": [ -40.210835870999972, -11.569605534999937 ] } },
{ "type": "Feature", "properties": { "OBJECTID": 25, "X": 418196.0, "Y": 8733887.0, "ID": "TCL13", "Prof": "0-20", "Mg": "11963,862302", "Al": 122874.628088, "K": 23933.0327889, "Ca": 17273.8215748, "V": "< LOD", "Cr": 20.153581865100001, "Mn": 541.6677286, "Fe": 23784.304865300001, "Co": "< LOD", "Ni": "< LOD", "Cu": 33.858669781300001, "Zn": 53.108009082199999, "As_": "< LOD", "Se": "< LOD", "Mo": "11", "Ag": "< LOD", "Cd": "< LOD", "Sb": "< LOD", "Ba": 1236.2864702, "Hg": "< LOD", "Pb": "32,918802644" }, "geometry": { "type": "Point", "coordinates": [ -39.749967370999968, -11.452440038999953 ] } },
{ "type": "Feature", "properties": { "OBJECTID": 26, "X": 418196.0, "Y": 8733887.0, "ID": "TCL13", "Prof": "50-70", "Mg": null, "Al": 0.0, "K": 0.0, "Ca": 0.0, "V": null, "Cr": 0.0, "Mn": 0.0, "Fe": 0.0, "Co": null, "Ni": null, "Cu": 0.0, "Zn": 0.0, "As_": null, "Se": null, "Mo": null, "Ag": null, "Cd": null, "Sb": null, "Ba": 0.0, "Hg": null, "Pb": null }, "geometry": { "type": "Point", "coordinates": [ -39.749967370999968, -11.452440038999953 ] } },
{ "type": "Feature", "properties": { "OBJECTID": 27, "X": 450361.0, "Y": 8728642.0, "ID": "TCL14", "Prof": "0-20", "Mg": "17728,543852", "Al": 111563.406342, "K": 10494.3922668, "Ca": 29510.6708363, "V": "111,84295278", "Cr": 0.0, "Mn": 1302.81359873, "Fe": 59269.680457800001, "Co": "< LOD", "Ni": "122", "Cu": 114.682591195, "Zn": 107.19949981400001, "As_": "< LOD", "Se": "< LOD", "Mo": "< LOD", "Ag": "< LOD", "Cd": "< LOD", "Sb": "< LOD", "Ba": 588.44473330400001, "Hg": "< LOD", "Pb": "< LOD" }, "geometry": { "type": "Point", "coordinates": [ -39.455167844999949, -11.500480223999944 ] } },
{ "type": "Feature", "properties": { "OBJECTID": 28, "X": 450361.0, "Y": 8728642.0, "ID": "TCL14", "Prof": "30-70", "Mg": "18704,946553", "Al": 112887.70253, "K": 8006.6989157999997, "Ca": 27915.3123777, "V": "110,51148905", "Cr": 29.255199481599998, "Mn": 1004.4098201, "Fe": 59040.668676000001, "Co": "< LOD", "Ni": "109", "Cu": 114.682591195, "Zn": 91.463793419300004, "As_": "< LOD", "Se": "< LOD", "Mo": "< LOD", "Ag": "< LOD", "Cd": "< LOD", "Sb": "< LOD", "Ba": 537.33568369700004, "Hg": "< LOD", "Pb": "19,573342113" }, "geometry": { "type": "Point", "coordinates": [ -39.455167844999949, -11.500480223999944 ] } },
{ "type": "Feature", "properties": { "OBJECTID": 29, "X": 499218.0, "Y": 8729163.0, "ID": "TCL15", "Prof": "0-20", "Mg": "< LOD", "Al": 128125.086383, "K": 45923.0528452, "Ca": 9226.0860099199999, "V": "< LOD", "Cr": 0.0, "Mn": 112.44200354199999, "Fe": 4803.5221236099997, "Co": "< LOD", "Ni": "< LOD", "Cu": 19.6598727762, "Zn": 15.735706394699999, "As_": "< LOD", "Se": "< LOD", "Mo": "< LOD", "Ag": "< LOD", "Cd": "< LOD", "Sb": "< LOD", "Ba": 2439.4211244500002, "Hg": "< LOD", "Pb": "18,683644744" }, "geometry": { "type": "Point", "coordinates": [ -39.007170555999949, -11.496123889999978 ] } },
{ "type": "Feature", "properties": { "OBJECTID": 30, "X": 499218.0, "Y": 8729163.0, "ID": "TCL15", "Prof": "50-70", "Mg": "7679,4072475", "Al": 126294.776849, "K": 45396.4220718, "Ca": 8974.32391044, "V": "< LOD", "Cr": 0.0, "Mn": 0.0, "Fe": 4509.3851163400004, "Co": "< LOD", "Ni": "< LOD", "Cu": 20.752087930399998, "Zn": 9.8348164967000002, "As_": "< LOD", "Se": "< LOD", "Mo": "< LOD", "Ag": "< LOD", "Cd": "< LOD", "Sb": "< LOD", "Ba": 2758.5073530700001, "Hg": "< LOD", "Pb": "17,793947375" }, "geometry": { "type": "Point", "coordinates": [ -39.007170555999949, -11.496123889999978 ] } },
{ "type": "Feature", "properties": { "OBJECTID": 31, "X": 527092.0, "Y": 8731306.0, "ID": "TCL16", "Prof": "0-20", "Mg": "< LOD", "Al": 174874.33736800001, "K": 607.32419835999997, "Ca": 372.88475902800002, "V": "< LOD", "Cr": 29.255199481599998, "Mn": 70.276252213600003, "Fe": 14027.6872981, "Co": "< LOD", "Ni": "< LOD", "Cu": 14.198797005, "Zn": 9.8348164967000002, "As_": "5,2094416055", "Se": "< LOD", "Mo": "11", "Ag": "< LOD", "Cd": "< LOD", "Sb": "< LOD", "Ba": 0.0, "Hg": "< LOD", "Pb": "< LOD" }, "geometry": { "type": "Point", "coordinates": [ -38.751597424999943, -11.476637628999981 ] } },
{ "type": "Feature", "properties": { "OBJECTID": 32, "X": 527092.0, "Y": 8731306.0, "ID": "TCL16", "Prof": "50-70", "Mg": "< LOD", "Al": 169146.35746900001, "K": 549.98939641699997, "Ca": 0.0, "V": "< LOD", "Cr": 0.0, "Mn": 113.52317665299999, "Fe": 17314.722029, "Co": "< LOD", "Ni": "< LOD", "Cu": 17.475442467699999, "Zn": 13.7687430954, "As_": "8,3351065687", "Se": "< LOD", "Mo": "9", "Ag": "< LOD", "Cd": "< LOD", "Sb": "< LOD", "Ba": 0.0, "Hg": "< LOD", "Pb": "< LOD" }, "geometry": { "type": "Point", "coordinates": [ -38.751597424999943, -11.476637628999981 ] } },
{ "type": "Feature", "properties": { "OBJECTID": 33, "X": 567266.0, "Y": 8743712.0, "ID": "TCL17", "Prof": "0-20", "Mg": "8107,0716308", "Al": 104742.483203, "K": 16744.947434199999, "Ca": 1071.9355369699999, "V": "< LOD", "Cr": 44.857972538399999, "Mn": 305.97199040700002, "Fe": 14807.043018099999, "Co": "< LOD", "Ni": "< LOD", "Cu": 28.397594010100001, "Zn": 17.702669694099999, "As_": "< LOD", "Se": "< LOD", "Mo": "< LOD", "Ag": "< LOD", "Cd": "< LOD", "Sb": "< LOD", "Ba": 284.55308699699998, "Hg": "< LOD", "Pb": "< LOD" }, "geometry": { "type": "Point", "coordinates": [ -38.383500677999962, -11.363901619999979 ] } },
{ "type": "Feature", "properties": { "OBJECTID": 34, "X": 567266.0, "Y": 8743712.0, "ID": "TCL17", "Prof": "50-70", "Mg": "8156,8681685", "Al": 139941.181805, "K": 16588.869362199999, "Ca": 876.40895799400005, "V": "< LOD", "Cr": 47.458434714600003, "Mn": 177.3123902, "Fe": 23910.261345300001, "Co": "< LOD", "Ni": "< LOD", "Cu": 40.4119607067, "Zn": 21.636596292699998, "As_": "4,1675532844", "Se": "< LOD", "Mo": "< LOD", "Ag": "< LOD", "Cd": "< LOD", "Sb": "< LOD", "Ba": 310.79827463200002, "Hg": "< LOD", "Pb": "13,345460531" }, "geometry": { "type": "Point", "coordinates": [ -38.383500677999962, -11.363901619999979 ] } },
{ "type": "Feature", "properties": { "OBJECTID": 35, "X": 581271.0, "Y": 8730785.0, "ID": "TCL18", "Prof": "0-20", "Mg": "6481,3611327", "Al": 127205.372938, "K": 4365.9389924099996, "Ca": 104.684584321, "V": "< LOD", "Cr": 93.6166383411, "Mn": 46.490443772100001, "Fe": 8355.3517272299996, "Co": "< LOD", "Ni": "< LOD", "Cu": 22.9365182389, "Zn": 13.7687430954, "As_": "< LOD", "Se": "< LOD", "Mo": "8", "Ag": "< LOD", "Cd": "< LOD", "Sb": "< LOD", "Ba": 0.0, "Hg": "< LOD", "Pb": "< LOD" }, "geometry": { "type": "Point", "coordinates": [ -38.254845282999952, -11.480503768999938 ] } },
{ "type": "Feature", "properties": { "OBJECTID": 36, "X": 581271.0, "Y": 8730785.0, "ID": "TCL18", "Prof": "50-70", "Mg": "< LOD", "Al": 128135.34341099999, "K": 4077.14147151, "Ca": 0.0, "V": "< LOD", "Cr": 55.259821242999998, "Mn": 33.516366440299997, "Fe": 10922.430669, "Co": "< LOD", "Ni": "< LOD", "Cu": 21.844303084700002, "Zn": 15.735706394699999, "As_": "< LOD", "Se": "< LOD", "Mo": "< LOD", "Ag": "< LOD", "Cd": "< LOD", "Sb": "< LOD", "Ba": 0.0, "Hg": "< LOD", "Pb": "< LOD" }, "geometry": { "type": "Point", "coordinates": [ -38.254845282999952, -11.480503768999938 ] } },
{ "type": "Feature", "properties": { "OBJECTID": 37, "X": 644851.0, "Y": 8719878.0, "ID": "TCL19", "Prof": "0-20", "Mg": null, "Al": 0.0, "K": 0.0, "Ca": 0.0, "V": null, "Cr": 0.0, "Mn": 0.0, "Fe": 0.0, "Co": null, "Ni": null, "Cu": 0.0, "Zn": 0.0, "As_": null, "Se": null, "Mo": null, "Ag": null, "Cd": null, "Sb": null, "Ba": 0.0, "Hg": null, "Pb": null }, "geometry": { "type": "Point", "coordinates": [ -37.671517061999964, -11.577046346999964 ] } },
{ "type": "Feature", "properties": { "OBJECTID": 38, "X": 644851.0, "Y": 8719878.0, "ID": "TCL19", "Prof": "50-70", "Mg": null, "Al": 0.0, "K": 0.0, "Ca": 0.0, "V": null, "Cr": 0.0, "Mn": 0.0, "Fe": 0.0, "Co": null, "Ni": null, "Cu": 0.0, "Zn": 0.0, "As_": null, "Se": null, "Mo": null, "Ag": null, "Cd": null, "Sb": null, "Ba": 0.0, "Hg": null, "Pb": null }, "geometry": { "type": "Point", "coordinates": [ -37.671517061999964, -11.577046346999964 ] } },
{ "type": "Feature", "properties": { "OBJECTID": 39, "X": 308117.0, "Y": 8679751.0, "ID": "TCL20", "Prof": "0-20", "Mg": "< LOD", "Al": 249279.95289799999, "K": 787.82264892199998, "Ca": 750.09532732599996, "V": "< LOD", "Cr": 24.054275129299999, "Mn": 124.334907762, "Fe": 30408.4706544, "Co": "< LOD", "Ni": "< LOD", "Cu": 10.9221515423, "Zn": 24.5870412417, "As_": "9,3769948898", "Se": "< LOD", "Mo": "11", "Ag": "< LOD", "Cd": "< LOD", "Sb": "< LOD", "Ba": 0.0, "Hg": "< LOD", "Pb": "< LOD" }, "geometry": { "type": "Point", "coordinates": [ -40.762012282999933, -11.937464232999957 ] } },
{ "type": "Feature", "properties": { "OBJECTID": 40, "X": 308117.0, "Y": 8679751.0, "ID": "TCL20", "Prof": "50-70", "Mg": "< LOD", "Al": 273807.92412400001, "K": 760.21700354200004, "Ca": 0.0, "V": "< LOD", "Cr": 16.2528886009, "Mn": 134.06546576100001, "Fe": 32510.3694144, "Co": "< LOD", "Ni": "< LOD", "Cu": 8.7377212338699994, "Zn": 25.5705228914, "As_": "4,1675532844", "Se": "4", "Mo": "13", "Ag": "< LOD", "Cd": "< LOD", "Sb": "< LOD", "Ba": 0.0, "Hg": "< LOD", "Pb": "11,566065794" }, "geometry": { "type": "Point", "coordinates": [ -40.762012282999933, -11.937464232999957 ] } },
{ "type": "Feature", "properties": { "OBJECTID": 41, "X": 358388.0, "Y": 8676798.0, "ID": "TCL21", "Prof": "0-20", "Mg": "< LOD", "Al": 132415.942794, "K": 10445.5515096, "Ca": 3378.4570394500001, "V": "< LOD", "Cr": 57.8602834191, "Mn": 342.73187617999997, "Fe": 21882.791414399999, "Co": "< LOD", "Ni": "< LOD", "Cu": 27.305378855899999, "Zn": 41.306229286099999, "As_": "< LOD", "Se": "< LOD", "Mo": "8", "Ag": "< LOD", "Cd": "< LOD", "Sb": "< LOD", "Ba": 244.49464271100001, "Hg": "< LOD", "Pb": "37,367289488" }, "geometry": { "type": "Point", "coordinates": [ -40.300612018999971, -11.966675633999955 ] } },
{ "type": "Feature", "properties": { "OBJECTID": 42, "X": 358388.0, "Y": 8676798.0, "ID": "TCL21", "Prof": "50-70", "Mg": "< LOD", "Al": 167074.437959, "K": 9877.5122680900004, "Ca": 1296.87761899, "V": "< LOD", "Cr": 80.614327460400006, "Mn": 229.20869952699999, "Fe": 38544.829865200001, "Co": "< LOD", "Ni": "< LOD", "Cu": 32.766454627000002, "Zn": 53.108009082199999, "As_": "< LOD", "Se": "< LOD", "Mo": "< LOD", "Ag": "< LOD", "Cd": "< LOD", "Sb": "< LOD", "Ba": 237.588014386, "Hg": "< LOD", "Pb": "45,374565807" }, "geometry": { "type": "Point", "coordinates": [ -40.300612018999971, -11.966675633999955 ] } },
{ "type": "Feature", "properties": { "OBJECTID": 43, "X": 411476.0, "Y": 8680540.0, "ID": "TCL22", "Prof": "0-20", "Mg": "8168,585001", "Al": 95674.131421500002, "K": 24853.5748867, "Ca": 10401.8409694, "V": "37,280984259", "Cr": 0.0, "Mn": 329.75779884799999, "Fe": 11486.372181799999, "Co": "< LOD", "Ni": "< LOD", "Cu": 27.305378855899999, "Zn": 26.554004541099999, "As_": "< LOD", "Se": "< LOD", "Mo": "< LOD", "Ag": "< LOD", "Cd": "< LOD", "Sb": "< LOD", "Ba": 1352.3178260699999, "Hg": "< LOD", "Pb": "24,021828957" }, "geometry": { "type": "Point", "coordinates": [ -39.812977697999941, -11.934674775999952 ] } },
{ "type": "Feature", "properties": { "OBJECTID": 44, "X": 411476.0, "Y": 8680540.0, "ID": "TCL22", "Prof": "20-40", "Mg": "9549,2184209", "Al": 99175.196731699994, "K": 16921.198862400001, "Ca": 7674.8508058899997, "V": "65,241722453", "Cr": 0.0, "Mn": 147.03954309299999, "Fe": 17604.565065399998, "Co": "< LOD", "Ni": "< LOD", "Cu": 25.120948547400001, "Zn": 23.603559592100002, "As_": "< LOD", "Se": "< LOD", "Mo": "9", "Ag": "< LOD", "Cd": "< LOD", "Sb": "< LOD", "Ba": 1062.2394364100001, "Hg": "< LOD", "Pb": "22,242434219" }, "geometry": { "type": "Point", "coordinates": [ -39.812977697999941, -11.934674775999952 ] } },
{ "type": "Feature", "properties": { "OBJECTID": 45, "X": 445069.0, "Y": 8698593.0, "ID": "TCL23", "Prof": "0-20", "Mg": "< LOD", "Al": 74856.92473, "K": 23613.444355799998, "Ca": 4401.0783507599999, "V": "< LOD", "Cr": 0.0, "Mn": 243.26394997, "Fe": 7618.2200544999996, "Co": "< LOD", "Ni": "< LOD", "Cu": 22.9365182389, "Zn": 23.603559592100002, "As_": "4,1675532844", "Se": "< LOD", "Mo": "< LOD", "Ag": "< LOD", "Cd": "< LOD", "Sb": "< LOD", "Ba": 1946.28786203, "Hg": "< LOD", "Pb": "< LOD" }, "geometry": { "type": "Point", "coordinates": [ -39.504180954999981, -11.77214147799998 ] } },
{ "type": "Feature", "properties": { "OBJECTID": 46, "X": 445069.0, "Y": 8698593.0, "ID": "TCL23", "Prof": "20-40", "Mg": "6486,2431462", "Al": 90763.294695699995, "K": 29218.4521236, "Ca": 5637.3946399699998, "V": "< LOD", "Cr": 0.0, "Mn": 282.186181965, "Fe": 10104.4292109, "Co": "< LOD", "Ni": "< LOD", "Cu": 24.028733393100001, "Zn": 27.537486190799999, "As_": "6,2513299265", "Se": "< LOD", "Mo": "< LOD", "Ag": "< LOD", "Cd": "< LOD", "Sb": "< LOD", "Ba": 2413.1759368100002, "Hg": "< LOD", "Pb": "13,345460531" }, "geometry": { "type": "Point", "coordinates": [ -39.504180954999981, -11.77214147799998 ] } },
{ "type": "Feature", "properties": { "OBJECTID": 47, "X": 468179.0, "Y": 8696920.0, "ID": "TCL24", "Prof": "0-20", "Mg": "< LOD", "Al": 121657.460851, "K": 34399.819410299999, "Ca": 11569.8094721, "V": "< LOD", "Cr": 0.0, "Mn": 230.28987263799999, "Fe": 9963.4438326700001, "Co": "< LOD", "Ni": "< LOD", "Cu": 22.9365182389, "Zn": 28.520967840400001, "As_": "< LOD", "Se": "< LOD", "Mo": "< LOD", "Ag": "< LOD", "Cd": "< LOD", "Sb": "< LOD", "Ba": 2693.5850468100002, "Hg": "< LOD", "Pb": "29,360013169" }, "geometry": { "type": "Point", "coordinates": [ -39.292085783999937, -11.787567387999957 ] } },
{ "type": "Feature", "properties": { "OBJECTID": 48, "X": 468179.0, "Y": 8696920.0, "ID": "TCL24", "Prof": "20-40", "Mg": "7858,0889419", "Al": 120463.087008, "K": 20668.134344900001, "Ca": 13685.995366700001, "V": "51,927085218", "Cr": 0.0, "Mn": 218.396968418, "Fe": 23769.275967099999, "Co": "< LOD", "Ni": "< LOD", "Cu": 24.028733393100001, "Zn": 39.339265986800001, "As_": "< LOD", "Se": "< LOD", "Mo": "< LOD", "Ag": "< LOD", "Cd": "< LOD", "Sb": "< LOD", "Ba": 2748.8380734100001, "Hg": "< LOD", "Pb": "31,139407907" }, "geometry": { "type": "Point", "coordinates": [ -39.292085783999937, -11.787567387999957 ] } },
{ "type": "Feature", "properties": { "OBJECTID": 49, "X": 511479.0, "Y": 8677023.0, "ID": "TCL25", "Prof": "0-20", "Mg": "6591,694638", "Al": 110746.263169, "K": 12967.2210395, "Ca": 19728.285754299999, "V": "37,280984259", "Cr": 45.508088082500002, "Mn": 500.58315038299997, "Fe": 17782.049196299999, "Co": "< LOD", "Ni": "< LOD", "Cu": 37.135315243999997, "Zn": 50.157564133199998, "As_": "< LOD", "Se": "< LOD", "Mo": "< LOD", "Ag": "< LOD", "Cd": "< LOD", "Sb": "< LOD", "Ba": 1033.2315974400001, "Hg": "< LOD", "Pb": "13,345460531" }, "geometry": { "type": "Point", "coordinates": [ -38.894564370999944, -11.967635255999937 ] } },
{ "type": "Feature", "properties": { "OBJECTID": 50, "X": 511479.0, "Y": 8677023.0, "ID": "TCL25", "Prof": "20-40", "Mg": "10499,25825", "Al": 104038.16733, "K": 9975.1937825099994, "Ca": 17452.910078600002, "V": "30,623665641", "Cr": 71.512709843899998, "Mn": 477.87851505200001, "Fe": 21237.2644544, "Co": "< LOD", "Ni": "< LOD", "Cu": 41.504175860899998, "Zn": 47.207119184200003, "As_": "< LOD", "Se": "< LOD", "Mo": "< LOD", "Ag": "< LOD", "Cd": "< LOD", "Sb": "< LOD", "Ba": 940.68277788700004, "Hg": "< LOD", "Pb": "15,124855269" }, "geometry": { "type": "Point", "coordinates": [ -38.894564370999944, -11.967635255999937 ] } },
{ "type": "Feature", "properties": { "OBJECTID": 51, "X": 545321.0, "Y": 8672897.0, "ID": "TCL26", "Prof": "0-20", "Mg": "< LOD", "Al": 253518.384502, "K": 3150.2288401000001, "Ca": 0.0, "V": "50,595621494", "Cr": 65.0115544035, "Mn": 36.759885773199997, "Fe": 9946.2679490299997, "Co": "< LOD", "Ni": "< LOD", "Cu": 19.6598727762, "Zn": 10.8182981464, "As_": "7,2932182476", "Se": "< LOD", "Mo": "11", "Ag": "< LOD", "Cd": "< LOD", "Sb": "< LOD", "Ba": 0.0, "Hg": "< LOD", "Pb": "16,904250006" }, "geometry": { "type": "Point", "coordinates": [ -38.583669019999945, -12.004658393999932 ] } },
{ "type": "Feature", "properties": { "OBJECTID": 52, "X": 545321.0, "Y": 8672897.0, "ID": "TCL26", "Prof": "50-70", "Mg": "< LOD", "Al": 277913.01437400002, "K": 3707.65052565, "Ca": 0.0, "V": "53,258548942", "Cr": 65.0115544035, "Mn": 44.328097550099997, "Fe": 12747.368305399999, "Co": "< LOD", "Ni": "< LOD", "Cu": 18.567657622, "Zn": 9.8348164967000002, "As_": "< LOD", "Se": "< LOD", "Mo": "12", "Ag": "< LOD", "Cd": "< LOD", "Sb": "< LOD", "Ba": 0.0, "Hg": "< LOD", "Pb": "32,918802644" }, "geometry": { "type": "Point", "coordinates": [ -38.583669019999945, -12.004658393999932 ] } },
{ "type": "Feature", "properties": { "OBJECTID": 53, "X": 591843.0, "Y": 8707662.0, "ID": "TCL27", "Prof": "0-20", "Mg": "< LOD", "Al": 149601.02216, "K": 2507.8667072200001, "Ca": 313.18859111, "V": "137,14076352", "Cr": 122.22172227900001, "Mn": 491.93376549499999, "Fe": 38429.6083125, "Co": "< LOD", "Ni": "29", "Cu": 54.610757711700003, "Zn": 15.735706394699999, "As_": "< LOD", "Se": "< LOD", "Mo": "11", "Ag": "< LOD", "Cd": "< LOD", "Sb": "< LOD", "Ba": 0.0, "Hg": "< LOD", "Pb": "13,345460531" }, "geometry": { "type": "Point", "coordinates": [ -38.157293785999968, -11.689333774999966 ] } },
{ "type": "Feature", "properties": { "OBJECTID": 54, "X": 591843.0, "Y": 8707662.0, "ID": "TCL27", "Prof": "20-40", "Mg": "< LOD", "Al": 160105.35776000001, "K": 2295.5155889100001, "Ca": 68.347786457599994, "V": "170,42735661", "Cr": 111.16975803, "Mn": 470.31030327500002, "Fe": 45004.393436099999, "Co": "< LOD", "Ni": "31", "Cu": 62.2562637913, "Zn": 19.6696329934, "As_": "6,2513299265", "Se": "< LOD", "Mo": "8", "Ag": "< LOD", "Cd": "< LOD", "Sb": "< LOD", "Ba": 0.0, "Hg": "< LOD", "Pb": "< LOD" }, "geometry": { "type": "Point", "coordinates": [ -38.157293785999968, -11.689333774999966 ] } },
{ "type": "Feature", "properties": { "OBJECTID": 55, "X": 643565.0, "Y": 8689545.0, "ID": "TCL28", "Prof": "0-20", "Mg": "< LOD", "Al": 171110.00835799999, "K": 629.62106578299995, "Ca": 198.98722639600001, "V": "< LOD", "Cr": 0.0, "Mn": 102.711445543, "Fe": 8800.4933781300006, "Co": "< LOD", "Ni": "< LOD", "Cu": 15.291012159299999, "Zn": 15.735706394699999, "As_": "3,1256649633", "Se": "< LOD", "Mo": "6", "Ag": "< LOD", "Cd": "< LOD", "Sb": "< LOD", "Ba": 0.0, "Hg": "< LOD", "Pb": "< LOD" }, "geometry": { "type": "Point", "coordinates": [ -37.68201000199997, -11.851345841999944 ] } },
{ "type": "Feature", "properties": { "OBJECTID": 56, "X": 643565.0, "Y": 8689545.0, "ID": "TCL28", "Prof": "50-70", "Mg": "< LOD", "Al": 243482.45314699999, "K": 912.04805313199995, "Ca": 115.93168842199999, "V": "< LOD", "Cr": 0.0, "Mn": 132.98429265, "Fe": 21762.560229, "Co": "< LOD", "Ni": "< LOD", "Cu": 13.1065818508, "Zn": 31.471412789399999, "As_": "11,460771532", "Se": "< LOD", "Mo": "13", "Ag": "< LOD", "Cd": "< LOD", "Sb": "< LOD", "Ba": 0.0, "Hg": "< LOD", "Pb": "< LOD" }, "geometry": { "type": "Point", "coordinates": [ -37.68201000199997, -11.851345841999944 ] } },
{ "type": "Feature", "properties": { "OBJECTID": 57, "X": 305023.0, "Y": 8659192.0, "ID": "TCL29", "Prof": "0-20", "Mg": "< LOD", "Al": 195087.51912000001, "K": 2050.25004726, "Ca": 0.0, "V": "< LOD", "Cr": 46.158203626499997, "Mn": 123.253734651, "Fe": 26858.7880362, "Co": "< LOD", "Ni": "< LOD", "Cu": 20.752087930399998, "Zn": 38.355784337099998, "As_": "< LOD", "Se": "< LOD", "Mo": "9", "Ag": "< LOD", "Cd": "< LOD", "Sb": "< LOD", "Ba": 0.0, "Hg": "< LOD", "Pb": "< LOD" }, "geometry": { "type": "Point", "coordinates": [ -40.791644479999945, -12.123116040999946 ] } },
{ "type": "Feature", "properties": { "OBJECTID": 58, "X": 305023.0, "Y": 8659192.0, "ID": "TCL29", "Prof": "50-70", "Mg": "< LOD", "Al": 186299.52608400001, "K": 1840.0224401400001, "Ca": 0.0, "V": "< LOD", "Cr": 41.6073948182, "Mn": 136.22781198300001, "Fe": 28637.207654400001, "Co": "< LOD", "Ni": "< LOD", "Cu": 13.1065818508, "Zn": 41.306229286099999, "As_": "3,1256649633", "Se": "< LOD", "Mo": "10", "Ag": "< LOD", "Cd": "< LOD", "Sb": "< LOD", "Ba": 0.0, "Hg": "< LOD", "Pb": "15,124855269" }, "geometry": { "type": "Point", "coordinates": [ -40.791644479999945, -12.123116040999946 ] } },
{ "type": "Feature", "properties": { "OBJECTID": 59, "X": 360567.0, "Y": 8666948.0, "ID": "TCL30", "Prof": "0-20", "Mg": null, "Al": 0.0, "K": 0.0, "Ca": 0.0, "V": null, "Cr": 0.0, "Mn": 0.0, "Fe": 0.0, "Co": null, "Ni": null, "Cu": 0.0, "Zn": 0.0, "As_": null, "Se": null, "Mo": null, "Ag": null, "Cd": null, "Sb": null, "Ba": 0.0, "Hg": null, "Pb": null }, "geometry": { "type": "Point", "coordinates": [ -40.281023795999943, -12.055822555999953 ] } },
{ "type": "Feature", "properties": { "OBJECTID": 60, "X": 360567.0, "Y": 8666948.0, "ID": "TCL30", "Prof": "50-70", "Mg": null, "Al": 0.0, "K": 0.0, "Ca": 0.0, "V": null, "Cr": 0.0, "Mn": 0.0, "Fe": 0.0, "Co": null, "Ni": null, "Cu": 0.0, "Zn": 0.0, "As_": null, "Se": null, "Mo": null, "Ag": null, "Cd": null, "Sb": null, "Ba": 0.0, "Hg": null, "Pb": null }, "geometry": { "type": "Point", "coordinates": [ -40.281023795999943, -12.055822555999953 ] } },
{ "type": "Feature", "properties": { "OBJECTID": 61, "X": 401928.0, "Y": 8640254.0, "ID": "TCL31", "Prof": "0-20", "Mg": null, "Al": 0.0, "K": 0.0, "Ca": 0.0, "V": null, "Cr": 0.0, "Mn": 0.0, "Fe": 0.0, "Co": null, "Ni": null, "Cu": 0.0, "Zn": 0.0, "As_": null, "Se": null, "Mo": null, "Ag": null, "Cd": null, "Sb": null, "Ba": 0.0, "Hg": null, "Pb": null }, "geometry": { "type": "Point", "coordinates": [ -39.901878820999968, -12.29868124199993 ] } },
{ "type": "Feature", "properties": { "OBJECTID": 62, "X": 401928.0, "Y": 8640254.0, "ID": "TCL31", "Prof": "50-70", "Mg": null, "Al": 0.0, "K": 0.0, "Ca": 0.0, "V": null, "Cr": 0.0, "Mn": 0.0, "Fe": 0.0, "Co": null, "Ni": null, "Cu": 0.0, "Zn": 0.0, "As_": null, "Se": null, "Mo": null, "Ag": null, "Cd": null, "Sb": null, "Ba": 0.0, "Hg": null, "Pb": null }, "geometry": { "type": "Point", "coordinates": [ -39.901878820999968, -12.29868124199993 ] } },
{ "type": "Feature", "properties": { "OBJECTID": 63, "X": 433102.0, "Y": 8669052.0, "ID": "TCL32", "Prof": "0-20", "Mg": null, "Al": 0.0, "K": 0.0, "Ca": 0.0, "V": null, "Cr": 0.0, "Mn": 0.0, "Fe": 0.0, "Co": null, "Ni": null, "Cu": 0.0, "Zn": 0.0, "As_": null, "Se": null, "Mo": null, "Ag": null, "Cd": null, "Sb": null, "Ba": 0.0, "Hg": null, "Pb": null }, "geometry": { "type": "Point", "coordinates": [ -39.614615369999967, -12.039063054999929 ] } },
{ "type": "Feature", "properties": { "OBJECTID": 64, "X": 433102.0, "Y": 8669052.0, "ID": "TCL32", "Prof": "50-70", "Mg": "7291,775375", "Al": 64841.507429800004, "K": 21795.718783100001, "Ca": 3177.73948935, "V": "< LOD", "Cr": 34.456123833900001, "Mn": 212.99110286300001, "Fe": 6710.7608690500001, "Co": "< LOD", "Ni": "< LOD", "Cu": 21.844303084700002, "Zn": 21.636596292699998, "As_": "< LOD", "Se": "< LOD", "Mo": "< LOD", "Ag": "< LOD", "Cd": "< LOD", "Sb": "< LOD", "Ba": 1327.4539641, "Hg": "< LOD", "Pb": "< LOD" }, "geometry": { "type": "Point", "coordinates": [ -39.614615369999967, -12.039063054999929 ] } },
{ "type": "Feature", "properties": { "OBJECTID": 65, "X": 467525.0, "Y": 8637081.0, "ID": "TCL33", "Prof": "0-20", "Mg": "7852,2305257", "Al": 102999.92823600001, "K": 29762.070986399998, "Ca": 13246.493145, "V": "33,286593088", "Cr": 0.0, "Mn": 377.32941573099998, "Fe": 13522.430054500001, "Co": "< LOD", "Ni": "< LOD", "Cu": 26.213163701599999, "Zn": 39.339265986800001, "As_": "< LOD", "Se": "< LOD", "Mo": "14", "Ag": "< LOD", "Cd": "< LOD", "Sb": "< LOD", "Ba": 1827.49385484, "Hg": "< LOD", "Pb": "24,911526325" }, "geometry": { "type": "Point", "coordinates": [ -39.298686973999963, -12.328698719999977 ] } },
{ "type": "Feature", "properties": { "OBJECTID": 66, "X": 467525.0, "Y": 8637081.0, "ID": "TCL33", "Prof": "40-60", "Mg": "10675,010736", "Al": 117129.553143, "K": 23552.924287099999, "Ca": 10798.085098400001, "V": "46,601230324", "Cr": 0.0, "Mn": 242.182776859, "Fe": 16970.488694399999, "Co": "< LOD", "Ni": "< LOD", "Cu": 29.489809164299999, "Zn": 39.339265986800001, "As_": "< LOD", "Se": "< LOD", "Mo": "8", "Ag": "< LOD", "Cd": "< LOD", "Sb": "< LOD", "Ba": 1892.4161610900001, "Hg": "< LOD", "Pb": "19,573342113" }, "geometry": { "type": "Point", "coordinates": [ -39.298686973999963, -12.328698719999977 ] } },
{ "type": "Feature", "properties": { "OBJECTID": 67, "X": 496854.0, "Y": 8659759.0, "ID": "TCL34", "Prof": "0-20", "Mg": "6384,6972653", "Al": 72518.32251100002, "K": 4552.80797652, "Ca": 5528.3842463800001, "V": "< LOD", "Cr": 0.0, "Mn": 352.46243417900001, "Fe": 14080.646272600001, "Co": "< LOD", "Ni": "< LOD", "Cu": 31.6742394728, "Zn": 39.339265986800001, "As_": "< LOD", "Se": "< LOD", "Mo": "< LOD", "Ag": "< LOD", "Cd": "< LOD", "Sb": "< LOD", "Ba": 573.25015098799997, "Hg": "< LOD", "Pb": "< LOD" }, "geometry": { "type": "Point", "coordinates": [ -39.028913002999957, -12.123778072999926 ] } },
{ "type": "Feature", "properties": { "OBJECTID": 68, "X": 496854.0, "Y": 8659759.0, "ID": "TCL34", "Prof": "20-40", "Mg": "6569,2373759", "Al": 70400.816213400001, "K": 4225.78725433, "Ca": 4179.5969161599996, "V": "< LOD", "Cr": 0.0, "Mn": 321.10841396000001, "Fe": 12240.6797381, "Co": "< LOD", "Ni": "< LOD", "Cu": 31.6742394728, "Zn": 35.405339388100003, "As_": "5,2094416055", "Se": "< LOD", "Mo": "10", "Ag": "< LOD", "Cd": "< LOD", "Sb": "< LOD", "Ba": 533.19170670200003, "Hg": "< LOD", "Pb": "< LOD" }, "geometry": { "type": "Point", "coordinates": [ -39.028913002999957, -12.123778072999926 ] } },
{ "type": "Feature", "properties": { "OBJECTID": 69, "X": 547597.0, "Y": 8654778.0, "ID": "TCL35", "Prof": "0-20", "Mg": "18679,560083", "Al": 101832.906466, "K": 23879.945009300001, "Ca": 22055.571141299999, "V": "115,83734395", "Cr": 96.217100517199995, "Mn": 1227.1314809600001, "Fe": 37728.259730700011, "Co": "< LOD", "Ni": "< LOD", "Cu": 56.795188020200001, "Zn": 77.695050323900006, "As_": "3,1256649633", "Se": "< LOD", "Mo": "6", "Ag": "< LOD", "Cd": "< LOD", "Sb": "< LOD", "Ba": 306.65429763700001, "Hg": "< LOD", "Pb": "< LOD" }, "geometry": { "type": "Point", "coordinates": [ -38.562495357999978, -12.168477811999935 ] } },
{ "type": "Feature", "properties": { "OBJECTID": 70, "X": 547597.0, "Y": 8654778.0, "ID": "TCL35", "Prof": "20-40", "Mg": "17105,598928", "Al": 110991.292154, "K": 24202.718709100001, "Ca": 14700.8302214, "V": "126,48905374", "Cr": 50.058896890699998, "Mn": 893.04898966799999, "Fe": 39421.5155925, "Co": "< LOD", "Ni": "18", "Cu": 55.702972865900001, "Zn": 69.827197126599998, "As_": "< LOD", "Se": "< LOD", "Mo": "< LOD", "Ag": "< LOD", "Cd": "< LOD", "Sb": "< LOD", "Ba": 382.627209214, "Hg": "< LOD", "Pb": "< LOD" }, "geometry": { "type": "Point", "coordinates": [ -38.562495357999978, -12.168477811999935 ] } },
{ "type": "Feature", "properties": { "OBJECTID": 71, "X": 597115.0, "Y": 8637451.0, "ID": "TCL36", "Prof": "0-20", "Mg": "< LOD", "Al": 134620.06398800001, "K": 1204.03084081, "Ca": 0.0, "V": "< LOD", "Cr": 0.0, "Mn": 51.896309326900003, "Fe": 2899.8616872600001, "Co": "< LOD", "Ni": "< LOD", "Cu": 12.0143666966, "Zn": 8.8513348470299995, "As_": "< LOD", "Se": "< LOD", "Mo": "9", "Ag": "< LOD", "Cd": "< LOD", "Sb": "< LOD", "Ba": 0.0, "Hg": "< LOD", "Pb": "14,2351579" }, "geometry": { "type": "Point", "coordinates": [ -38.10683540399998, -12.324055060999967 ] } },
{ "type": "Feature", "properties": { "OBJECTID": 72, "X": 597115.0, "Y": 8637451.0, "ID": "TCL36", "Prof": "50-70", "Mg": "< LOD", "Al": 136906.24140100001, "K": 772.95807063999996, "Ca": 0.0, "V": "< LOD", "Cr": 0.0, "Mn": 36.759885773199997, "Fe": 3085.9337599800001, "Co": "< LOD", "Ni": "< LOD", "Cu": 7.6455060796399996, "Zn": 5.90088989802, "As_": "< LOD", "Se": "15", "Mo": "8", "Ag": "< LOD", "Cd": "< LOD", "Sb": "< LOD", "Ba": 0.0, "Hg": "< LOD", "Pb": "27,580618432" }, "geometry": { "type": "Point", "coordinates": [ -38.10683540399998, -12.324055060999967 ] } },
{ "type": "Feature", "properties": { "OBJECTID": 73, "X": 620070.0, "Y": 8652616.0, "ID": "TCL37", "Prof": "0-20", "Mg": null, "Al": 0.0, "K": 0.0, "Ca": 0.0, "V": null, "Cr": 0.0, "Mn": 0.0, "Fe": 0.0, "Co": null, "Ni": null, "Cu": 0.0, "Zn": 0.0, "As_": null, "Se": null, "Mo": null, "Ag": null, "Cd": null, "Sb": null, "Ba": 0.0, "Hg": null, "Pb": null }, "geometry": { "type": "Point", "coordinates": [ -37.896313866999947, -12.186167979999937 ] } },
{ "type": "Feature", "properties": { "OBJECTID": 74, "X": 620070.0, "Y": 8652616.0, "ID": "TCL37", "Prof": "50-70", "Mg": null, "Al": 0.0, "K": 0.0, "Ca": 0.0, "V": null, "Cr": 0.0, "Mn": 0.0, "Fe": 0.0, "Co": null, "Ni": null, "Cu": 0.0, "Zn": 0.0, "As_": null, "Se": null, "Mo": null, "Ag": null, "Cd": null, "Sb": null, "Ba": 0.0, "Hg": null, "Pb": null }, "geometry": { "type": "Point", "coordinates": [ -37.896313866999947, -12.186167979999937 ] } },
{ "type": "Feature", "properties": { "OBJECTID": 75, "X": 271173.0, "Y": 8626544.0, "ID": "TCL38", "Prof": "0-20", "Mg": "< LOD", "Al": 191358.51987, "K": 1360.1089127600001, "Ca": 0.0, "V": "74,561968518", "Cr": 0.0, "Mn": 296.24143240799998, "Fe": 43087.135425200002, "Co": "< LOD", "Ni": "< LOD", "Cu": 26.213163701599999, "Zn": 48.190600833799998, "As_": "13,544548174", "Se": "< LOD", "Mo": "13", "Ag": "< LOD", "Cd": "< LOD", "Sb": "< LOD", "Ba": 0.0, "Hg": "< LOD", "Pb": "54,271539494" }, "geometry": { "type": "Point", "coordinates": [ -41.104898232999972, -12.415974475999974 ] } },
{ "type": "Feature", "properties": { "OBJECTID": 76, "X": 271173.0, "Y": 8626544.0, "ID": "TCL38", "Prof": "50-70", "Mg": "< LOD", "Al": 208843.332367, "K": 1284.72426576, "Ca": 0.0, "V": "91,870996924", "Cr": 0.0, "Mn": 254.07568108000001, "Fe": 44444.030232500001, "Co": "< LOD", "Ni": "< LOD", "Cu": 25.120948547400001, "Zn": 57.041935680900004, "As_": "17,712101459", "Se": "< LOD", "Mo": "13", "Ag": "< LOD", "Cd": "< LOD", "Sb": "< LOD", "Ba": 0.0, "Hg": "< LOD", "Pb": "59,609723707" }, "geometry": { "type": "Point", "coordinates": [ -41.104898232999972, -12.415974475999974 ] } },
{ "type": "Feature", "properties": { "OBJECTID": 77, "X": 296420.0, "Y": 8600695.0, "ID": "TCL39", "Prof": "0-20", "Mg": "< LOD", "Al": 178158.86543599999, "K": 4776.83840633, "Ca": 88.246509097200004, "V": "< LOD", "Cr": 63.061207771399999, "Mn": 64.870386658699999, "Fe": 15415.355563499999, "Co": "< LOD", "Ni": "< LOD", "Cu": 14.198797005, "Zn": 13.7687430954, "As_": "< LOD", "Se": "< LOD", "Mo": "8", "Ag": "< LOD", "Cd": "< LOD", "Sb": "< LOD", "Ba": 0.0, "Hg": "< LOD", "Pb": "16,904250006" }, "geometry": { "type": "Point", "coordinates": [ -40.874440773999936, -12.65130587699997 ] } },
{ "type": "Feature", "properties": { "OBJECTID": 78, "X": 296420.0, "Y": 8600695.0, "ID": "TCL39", "Prof": "50-70", "Mg": "< LOD", "Al": 195432.83903800001, "K": 4438.13837263, "Ca": 0.0, "V": "< LOD", "Cr": 60.460745595299997, "Mn": 51.896309326900003, "Fe": 17824.988905400001, "Co": "< LOD", "Ni": "< LOD", "Cu": 13.1065818508, "Zn": 18.686151343700001, "As_": "< LOD", "Se": "< LOD", "Mo": "9", "Ag": "< LOD", "Cd": "< LOD", "Sb": "< LOD", "Ba": 0.0, "Hg": "< LOD", "Pb": "27,580618432" }, "geometry": { "type": "Point", "coordinates": [ -40.874440773999936, -12.65130587699997 ] } },
{ "type": "Feature", "properties": { "OBJECTID": 79, "X": 350670.0, "Y": 8614035.0, "ID": "TCL40", "Prof": "0-20", "Mg": null, "Al": 0.0, "K": 0.0, "Ca": 0.0, "V": null, "Cr": 0.0, "Mn": 0.0, "Fe": 0.0, "Co": null, "Ni": null, "Cu": 0.0, "Zn": 0.0, "As_": null, "Se": null, "Mo": null, "Ag": null, "Cd": null, "Sb": null, "Ba": 0.0, "Hg": null, "Pb": null }, "geometry": { "type": "Point", "coordinates": [ -40.374416739999958, -12.533754087999966 ] } },
{ "type": "Feature", "properties": { "OBJECTID": 80, "X": 350670.0, "Y": 8614035.0, "ID": "TCL40", "Prof": "50-70", "Mg": "6961,7512619", "Al": 139338.296535, "K": 8280.6318584100009, "Ca": 1712.1553088600001, "V": "< LOD", "Cr": 0.0, "Mn": 441.118629279, "Fe": 31874.146057999998, "Co": "< LOD", "Ni": "< LOD", "Cu": 24.028733393100001, "Zn": 60.975862279499999, "As_": "< LOD", "Se": "< LOD", "Mo": "17", "Ag": "< LOD", "Cd": "< LOD", "Sb": "< LOD", "Ba": 831.55805034900004, "Hg": "< LOD", "Pb": "36,477592119" }, "geometry": { "type": "Point", "coordinates": [ -40.374416739999958, -12.533754087999966 ] } },
{ "type": "Feature", "properties": { "OBJECTID": 81, "X": 374835.0, "Y": 8591054.0, "ID": "TCL41", "Prof": "0-20", "Mg": null, "Al": 0.0, "K": 0.0, "Ca": 0.0, "V": null, "Cr": 0.0, "Mn": 0.0, "Fe": 0.0, "Co": null, "Ni": null, "Cu": 0.0, "Zn": 0.0, "As_": null, "Se": null, "Mo": null, "Ag": null, "Cd": null, "Sb": null, "Ba": 0.0, "Hg": null, "Pb": null }, "geometry": { "type": "Point", "coordinates": [ -40.152970695999954, -12.742573680999953 ] } },
{ "type": "Feature", "properties": { "OBJECTID": 82, "X": 374835.0, "Y": 8591054.0, "ID": "TCL41", "Prof": "20-40", "Mg": "6341,7355464", "Al": 111243.159157, "K": 6922.6464568299998, "Ca": 2092.8265245699999, "V": "< LOD", "Cr": 25.354506217400001, "Mn": 533.01834371200005, "Fe": 10227.5230436, "Co": "< LOD", "Ni": "< LOD", "Cu": 20.752087930399998, "Zn": 28.520967840400001, "As_": "3,1256649633", "Se": "< LOD", "Mo": "< LOD", "Ag": "< LOD", "Cd": "< LOD", "Sb": "< LOD", "Ba": 241.731991381, "Hg": "< LOD", "Pb": "24,021828957" }, "geometry": { "type": "Point", "coordinates": [ -40.152970695999954, -12.742573680999953 ] } },
{ "type": "Feature", "properties": { "OBJECTID": 83, "X": 426743.0, "Y": 8595472.0, "ID": "TCL42", "Prof": "0-20", "Mg": "4705,2846187", "Al": 78548.314879600002, "K": 8698.9635614800009, "Ca": 417.00801357699999, "V": "< LOD", "Cr": 78.013865284199994, "Mn": 94.062060655099998, "Fe": 5274.4275999700003, "Co": "0", "Ni": "< LOD", "Cu": 19.6598727762, "Zn": 14.752224745, "As_": "< LOD", "Se": "< LOD", "Mo": "6", "Ag": "< LOD", "Cd": "< LOD", "Sb": "< LOD", "Ba": 361.907324238, "Hg": "< LOD", "Pb": "12,455763163" }, "geometry": { "type": "Point", "coordinates": [ -39.674740655999983, -12.704276417999949 ] } },
{ "type": "Feature", "properties": { "OBJECTID": 84, "X": 426743.0, "Y": 8595472.0, "ID": "TCL42", "Prof": "50-70", "Mg": "< LOD", "Al": 128188.907886, "K": 10914.847481000001, "Ca": 456.80545885599997, "V": "< LOD", "Cr": 26.654737305400001, "Mn": 135.14663887200001, "Fe": 10178.142378099999, "Co": "< LOD", "Ni": "< LOD", "Cu": 20.752087930399998, "Zn": 22.620077942399998, "As_": "< LOD", "Se": "< LOD", "Mo": "< LOD", "Ag": "< LOD", "Cd": "< LOD", "Sb": "< LOD", "Ba": 486.22663409099999, "Hg": "< LOD", "Pb": "24,021828957" }, "geometry": { "type": "Point", "coordinates": [ -39.674740655999983, -12.704276417999949 ] } },
{ "type": "Feature", "properties": { "OBJECTID": 85, "X": 466792.0, "Y": 8597827.0, "ID": "TCL43", "Prof": "0-20", "Mg": "7699,9117042", "Al": 92035.166077899994, "K": 9617.3821481600007, "Ca": 6231.7608336000003, "V": "< LOD", "Cr": 0.0, "Mn": 221.64048775000001, "Fe": 20156.615108999998, "Co": "< LOD", "Ni": "< LOD", "Cu": 18.567657622, "Zn": 29.504449490100001, "As_": "< LOD", "Se": "< LOD", "Mo": "11", "Ag": "< LOD", "Cd": "< LOD", "Sb": "< LOD", "Ba": 1059.4767850799999, "Hg": "< LOD", "Pb": "26,690921063" }, "geometry": { "type": "Point", "coordinates": [ -39.305845961999978, -12.683662206999941 ] } },
{ "type": "Feature", "properties": { "OBJECTID": 86, "X": 466792.0, "Y": 8597827.0, "ID": "TCL43", "Prof": "20-40", "Mg": "8827,6568245", "Al": 94828.496506099997, "K": 9896.62386874, "Ca": 6547.5449102700004, "V": "< LOD", "Cr": 0.0, "Mn": 225.965180194, "Fe": 19307.840192600001, "Co": "< LOD", "Ni": "< LOD", "Cu": 25.120948547400001, "Zn": 32.454894439100002, "As_": "< LOD", "Se": "< LOD", "Mo": "8", "Ag": "< LOD", "Cd": "< LOD", "Sb": "< LOD", "Ba": 1226.61719055, "Hg": "< LOD", "Pb": "24,021828957" }, "geometry": { "type": "Point", "coordinates": [ -39.305845961999978, -12.683662206999941 ] } },
{ "type": "Feature", "properties": { "OBJECTID": 87, "X": 488563.0, "Y": 8599649.0, "ID": "TCL44", "Prof": "0-20", "Mg": "< LOD", "Al": 189894.04430899999, "K": 586.08908653000003, "Ca": 583.11908952399995, "V": "< LOD", "Cr": 17.553119688900001, "Mn": 165.41948598, "Fe": 16059.451199900001, "Co": "< LOD", "Ni": "< LOD", "Cu": 17.475442467699999, "Zn": 24.5870412417, "As_": "5,2094416055", "Se": "< LOD", "Mo": "< LOD", "Ag": "< LOD", "Cd": "< LOD", "Sb": "< LOD", "Ba": 0.0, "Hg": "< LOD", "Pb": "< LOD" }, "geometry": { "type": "Point", "coordinates": [ -39.105328562999944, -12.667341108999949 ] } },
{ "type": "Feature", "properties": { "OBJECTID": 88, "X": 488563.0, "Y": 8599649.0, "ID": "TCL44", "Prof": "50-70", "Mg": "< LOD", "Al": 171422.27785499999, "K": 468.23421586900002, "Ca": 0.0, "V": "< LOD", "Cr": 46.808319170499999, "Mn": 147.03954309299999, "Fe": 14434.1832108, "Co": "< LOD", "Ni": "< LOD", "Cu": 22.9365182389, "Zn": 20.6531146431, "As_": "< LOD", "Se": "< LOD", "Mo": "13", "Ag": "< LOD", "Cd": "< LOD", "Sb": "< LOD", "Ba": 0.0, "Hg": "< LOD", "Pb": "< LOD" }, "geometry": { "type": "Point", "coordinates": [ -39.105328562999944, -12.667341108999949 ] } },
{ "type": "Feature", "properties": { "OBJECTID": 89, "X": 537677.0, "Y": 8604478.0, "ID": "TCL45", "Prof": "0-20", "Mg": null, "Al": 0.0, "K": 0.0, "Ca": 0.0, "V": null, "Cr": 0.0, "Mn": 0.0, "Fe": 0.0, "Co": null, "Ni": null, "Cu": 0.0, "Zn": 0.0, "As_": null, "Se": null, "Mo": null, "Ag": null, "Cd": null, "Sb": null, "Ba": 0.0, "Hg": null, "Pb": null }, "geometry": { "type": "Point", "coordinates": [ -38.653076256999952, -12.62346807199998 ] } },
{ "type": "Feature", "properties": { "OBJECTID": 90, "X": 537677.0, "Y": 8604478.0, "ID": "TCL45", "Prof": "50-70", "Mg": null, "Al": 0.0, "K": 0.0, "Ca": 0.0, "V": null, "Cr": 0.0, "Mn": 0.0, "Fe": 0.0, "Co": null, "Ni": null, "Cu": 0.0, "Zn": 0.0, "As_": null, "Se": null, "Mo": null, "Ag": null, "Cd": null, "Sb": null, "Ba": 0.0, "Hg": null, "Pb": null }, "geometry": { "type": "Point", "coordinates": [ -38.653076256999952, -12.62346807199998 ] } },
{ "type": "Feature", "properties": { "OBJECTID": 91, "X": 570125.0, "Y": 8614895.0, "ID": "TCL46", "Prof": "0-20", "Mg": "< LOD", "Al": 192653.18464600001, "K": 644.48564406399998, "Ca": 0.0, "V": "< LOD", "Cr": 62.411092227399998, "Mn": 0.0, "Fe": 4527.9923236100003, "Co": "< LOD", "Ni": "< LOD", "Cu": 19.6598727762, "Zn": 6.8843715476899998, "As_": "< LOD", "Se": "< LOD", "Mo": "11", "Ag": "< LOD", "Cd": "< LOD", "Sb": "< LOD", "Ba": 0.0, "Hg": "< LOD", "Pb": "70,286092132" }, "geometry": { "type": "Point", "coordinates": [ -38.354545812999959, -12.528717626999935 ] } },
{ "type": "Feature", "properties": { "OBJECTID": 92, "X": 570125.0, "Y": 8614895.0, "ID": "TCL46", "Prof": "50-70", "Mg": "< LOD", "Al": 234663.68903000001, "K": 776.14333741500002, "Ca": 0.0, "V": "< LOD", "Cr": 29.255199481599998, "Mn": 50.815136216, "Fe": 11787.665807199999, "Co": "< LOD", "Ni": "< LOD", "Cu": 12.0143666966, "Zn": 13.7687430954, "As_": "11,460771532", "Se": "< LOD", "Mo": "12", "Ag": "< LOD", "Cd": "< LOD", "Sb": "< LOD", "Ba": 0.0, "Hg": "< LOD", "Pb": "201,07160534" }, "geometry": { "type": "Point", "coordinates": [ -38.354545812999959, -12.528717626999935 ] } },
{ "type": "Feature", "properties": { "OBJECTID": 93, "X": 292418.0, "Y": 8567648.0, "ID": "TCL47", "Prof": "0-20", "Mg": "11915,042167", "Al": 92566.252156799994, "K": 24324.820602200001, "Ca": 5583.7546050299998, "V": "< LOD", "Cr": 91.016176164900003, "Mn": 647.62269347599999, "Fe": 14185.8485599, "Co": "< LOD", "Ni": "< LOD", "Cu": 17.475442467699999, "Zn": 42.289710935800002, "As_": "< LOD", "Se": "< LOD", "Mo": "9", "Ag": "< LOD", "Cd": "< LOD", "Sb": "< LOD", "Ba": 408.87239684999997, "Hg": "< LOD", "Pb": "16,904250006" }, "geometry": { "type": "Point", "coordinates": [ -40.913525884999956, -12.949715818999948 ] } },
{ "type": "Feature", "properties": { "OBJECTID": 94, "X": 292418.0, "Y": 8567648.0, "ID": "TCL47", "Prof": "50-70", "Mg": "11176,881724", "Al": 141097.94654800001, "K": 27655.547892800001, "Ca": 3785.9482726400001, "V": "43,938302877", "Cr": 196.33489429900001, "Mn": 276.78031641000001, "Fe": 28529.142719799998, "Co": "< LOD", "Ni": "48", "Cu": 16.383227313500001, "Zn": 50.157564133199998, "As_": "< LOD", "Se": "< LOD", "Mo": "10", "Ag": "< LOD", "Cd": "< LOD", "Sb": "< LOD", "Ba": 530.42905537199999, "Hg": "< LOD", "Pb": "16,904250006" }, "geometry": { "type": "Point", "coordinates": [ -40.913525884999956, -12.949715818999948 ] } },
{ "type": "Feature", "properties": { "OBJECTID": 95, "X": 351326.0, "Y": 8582474.0, "ID": "TCL48", "Prof": "0-20", "Mg": "< LOD", "Al": 136861.794283, "K": 28082.373640599999, "Ca": 3919.1831981400001, "V": "< LOD", "Cr": 0.0, "Mn": 354.62478040100001, "Fe": 10720.614036299999, "Co": "< LOD", "Ni": "< LOD", "Cu": 16.383227313500001, "Zn": 35.405339388100003, "As_": "< LOD", "Se": "< LOD", "Mo": "< LOD", "Ag": "< LOD", "Cd": "< LOD", "Sb": "< LOD", "Ba": 1029.08762045, "Hg": "< LOD", "Pb": "38,256986857" }, "geometry": { "type": "Point", "coordinates": [ -40.369904297999938, -12.819107115999941 ] } },
{ "type": "Feature", "properties": { "OBJECTID": 96, "X": 351326.0, "Y": 8582474.0, "ID": "TCL48", "Prof": "50-70", "Mg": null, "Al": 0.0, "K": 0.0, "Ca": 0.0, "V": null, "Cr": 0.0, "Mn": 0.0, "Fe": 0.0, "Co": null, "Ni": null, "Cu": 0.0, "Zn": 0.0, "As_": null, "Se": null, "Mo": null, "Ag": null, "Cd": null, "Sb": null, "Ba": 0.0, "Hg": null, "Pb": null }, "geometry": { "type": "Point", "coordinates": [ -40.369904297999938, -12.819107115999941 ] } },
{ "type": "Feature", "properties": { "OBJECTID": 97, "X": 375489.0, "Y": 8552929.0, "ID": "TCL49", "Prof": "0-20", "Mg": null, "Al": 0.0, "K": 0.0, "Ca": 0.0, "V": null, "Cr": 0.0, "Mn": 0.0, "Fe": 0.0, "Co": null, "Ni": null, "Cu": 0.0, "Zn": 0.0, "As_": null, "Se": null, "Mo": null, "Ag": null, "Cd": null, "Sb": null, "Ba": 0.0, "Hg": null, "Pb": null }, "geometry": { "type": "Point", "coordinates": [ -40.148520576999942, -13.087286089999964 ] } },
{ "type": "Feature", "properties": { "OBJECTID": 98, "X": 375489.0, "Y": 8552929.0, "ID": "TCL49", "Prof": "50-70", "Mg": null, "Al": 0.0, "K": 0.0, "Ca": 0.0, "V": null, "Cr": 0.0, "Mn": 0.0, "Fe": 0.0, "Co": null, "Ni": null, "Cu": 0.0, "Zn": 0.0, "As_": null, "Se": null, "Mo": null, "Ag": null, "Cd": null, "Sb": null, "Ba": 0.0, "Hg": null, "Pb": null }, "geometry": { "type": "Point", "coordinates": [ -40.148520576999942, -13.087286089999964 ] } },
{ "type": "Feature", "properties": { "OBJECTID": 99, "X": 408002.0, "Y": 8579458.0, "ID": "TCL50", "Prof": "0-20", "Mg": "< LOD", "Al": 141723.62521200001, "K": 47363.855183, "Ca": 5309.49829735, "V": "< LOD", "Cr": 16.903004144899999, "Mn": 250.83216174699999, "Fe": 8502.0623999500003, "Co": "< LOD", "Ni": "< LOD", "Cu": 26.213163701599999, "Zn": 28.520967840400001, "As_": "< LOD", "Se": "< LOD", "Mo": "11", "Ag": "< LOD", "Cd": "< LOD", "Sb": "< LOD", "Ba": 1031.85027178, "Hg": "< LOD", "Pb": "38,256986857" }, "geometry": { "type": "Point", "coordinates": [ -39.847827179999967, -12.848577985999952 ] } },
{ "type": "Feature", "properties": { "OBJECTID": 100, "X": 408002.0, "Y": 8579458.0, "ID": "TCL50", "Prof": "50-70", "Mg": "< LOD", "Al": 159234.650111, "K": 34806.471801799999, "Ca": 2888.7754301499999, "V": "< LOD", "Cr": 0.0, "Mn": 175.15004397800001, "Fe": 11696.061094500001, "Co": "< LOD", "Ni": "< LOD", "Cu": 21.844303084700002, "Zn": 31.471412789399999, "As_": "< LOD", "Se": "< LOD", "Mo": "14", "Ag": "< LOD", "Cd": "< LOD", "Sb": "< LOD", "Ba": 944.82675488200005, "Hg": "< LOD", "Pb": "41,815776332" }, "geometry": { "type": "Point", "coordinates": [ -39.847827179999967, -12.848577985999952 ] } },
{ "type": "Feature", "properties": { "OBJECTID": 101, "X": 448028.0, "Y": 8573786.0, "ID": "TCL51", "Prof": "0-20", "Mg": "< LOD", "Al": 194304.56603799999, "K": 651.91793320500005, "Ca": 509.58033194299998, "V": "< LOD", "Cr": 43.557741450400002, "Mn": 152.44540864800001, "Fe": 20767.074639900002, "Co": "< LOD", "Ni": "< LOD", "Cu": 20.752087930399998, "Zn": 38.355784337099998, "As_": "9,3769948898", "Se": "< LOD", "Mo": "8", "Ag": "< LOD", "Cd": "< LOD", "Sb": "< LOD", "Ba": 0.0, "Hg": "< LOD", "Pb": "< LOD" }, "geometry": { "type": "Point", "coordinates": [ -39.479068997999946, -12.900798909999935 ] } },
{ "type": "Feature", "properties": { "OBJECTID": 102, "X": 448028.0, "Y": 8573786.0, "ID": "TCL51", "Prof": "50-70", "Mg": null, "Al": 0.0, "K": 0.0, "Ca": 0.0, "V": null, "Cr": 0.0, "Mn": 0.0, "Fe": 0.0, "Co": null, "Ni": null, "Cu": 0.0, "Zn": 0.0, "As_": null, "Se": null, "Mo": null, "Ag": null, "Cd": null, "Sb": null, "Ba": 0.0, "Hg": null, "Pb": null }, "geometry": { "type": "Point", "coordinates": [ -39.479068997999946, -12.900798909999935 ] } },
{ "type": "Feature", "properties": { "OBJECTID": 103, "X": 510553.0, "Y": 8564636.0, "ID": "TCL52", "Prof": "0-20", "Mg": "6041,0035143", "Al": 62342.211783600003, "K": 328.08247778600003, "Ca": 200.71755010300001, "V": "< LOD", "Cr": 58.510398963199997, "Mn": 0.0, "Fe": 1180.1263381799999, "Co": "< LOD", "Ni": "< LOD", "Cu": 18.567657622, "Zn": 4.9174082483500001, "As_": "< LOD", "Se": "< LOD", "Mo": "< LOD", "Ag": "< LOD", "Cd": "< LOD", "Sb": "< LOD", "Ba": 0.0, "Hg": "< LOD", "Pb": "< LOD" }, "geometry": { "type": "Point", "coordinates": [ -38.902691020999953, -12.983960600999978 ] } },
{ "type": "Feature", "properties": { "OBJECTID": 104, "X": 510553.0, "Y": 8564636.0, "ID": "TCL52", "Prof": "20-40", "Mg": "< LOD", "Al": 119637.966147, "K": 180.49845056199999, "Ca": 0.0, "V": "< LOD", "Cr": 38.356817098100002, "Mn": 0.0, "Fe": 1526.50665817, "Co": "< LOD", "Ni": "< LOD", "Cu": 12.0143666966, "Zn": 4.9174082483500001, "As_": "< LOD", "Se": "< LOD", "Mo": "7", "Ag": "< LOD", "Cd": "< LOD", "Sb": "< LOD", "Ba": 0.0, "Hg": "< LOD", "Pb": "< LOD" }, "geometry": { "type": "Point", "coordinates": [ -38.902691020999953, -12.983960600999978 ] } },
{ "type": "Feature", "properties": { "OBJECTID": 105, "X": 538619.0, "Y": 8571746.0, "ID": "TCL53", "Prof": "0-20", "Mg": null, "Al": 0.0, "K": 0.0, "Ca": 0.0, "V": null, "Cr": 0.0, "Mn": 0.0, "Fe": 0.0, "Co": null, "Ni": null, "Cu": 0.0, "Zn": 0.0, "As_": null, "Se": null, "Mo": null, "Ag": null, "Cd": null, "Sb": null, "Ba": 0.0, "Hg": null, "Pb": null }, "geometry": { "type": "Point", "coordinates": [ -38.643988602999968, -12.919442274999938 ] } },
{ "type": "Feature", "properties": { "OBJECTID": 106, "X": 538619.0, "Y": 8571746.0, "ID": "TCL53", "Prof": "50-70", "Mg": null, "Al": 0.0, "K": 0.0, "Ca": 0.0, "V": null, "Cr": 0.0, "Mn": 0.0, "Fe": 0.0, "Co": null, "Ni": null, "Cu": 0.0, "Zn": 0.0, "As_": null, "Se": null, "Mo": null, "Ag": null, "Cd": null, "Sb": null, "Ba": 0.0, "Hg": null, "Pb": null }, "geometry": { "type": "Point", "coordinates": [ -38.643988602999968, -12.919442274999938 ] } },
{ "type": "Feature", "properties": { "OBJECTID": 107, "X": 360217.0, "Y": 8509178.0, "ID": "TCL54", "Prof": "0-20", "Mg": "< LOD", "Al": 233706.366484, "K": 610.50946513500003, "Ca": 585.71457508599997, "V": "< LOD", "Cr": 50.7090124347, "Mn": 123.253734651, "Fe": 24801.2603089, "Co": "< LOD", "Ni": "< LOD", "Cu": 8.7377212338699994, "Zn": 37.372302687500003, "As_": "5,2094416055", "Se": "< LOD", "Mo": "13", "Ag": "< LOD", "Cd": "< LOD", "Sb": "< LOD", "Ba": 0.0, "Hg": "< LOD", "Pb": "< LOD" }, "geometry": { "type": "Point", "coordinates": [ -40.291459741999972, -13.482139103999941 ] } },
{ "type": "Feature", "properties": { "OBJECTID": 108, "X": 360217.0, "Y": 8509178.0, "ID": "TCL54", "Prof": "50-70", "Mg": "< LOD", "Al": 277228.07288599998, "K": 565.91573029000006, "Ca": 0.0, "V": "< LOD", "Cr": 23.4041595853, "Mn": 113.52317665299999, "Fe": 25833.9603126, "Co": "< LOD", "Ni": "< LOD", "Cu": 7.6455060796399996, "Zn": 38.355784337099998, "As_": "7,2932182476", "Se": "< LOD", "Mo": "7", "Ag": "< LOD", "Cd": "< LOD", "Sb": "< LOD", "Ba": 0.0, "Hg": "< LOD", "Pb": "< LOD" }, "geometry": { "type": "Point", "coordinates": [ -40.291459741999972, -13.482139103999941 ] } },
{ "type": "Feature", "properties": { "OBJECTID": 109, "X": 400350.0, "Y": 8544706.0, "ID": "TCL55", "Prof": "0-20", "Mg": null, "Al": 0.0, "K": 0.0, "Ca": 0.0, "V": null, "Cr": 0.0, "Mn": 0.0, "Fe": 0.0, "Co": null, "Ni": null, "Cu": 0.0, "Zn": 0.0, "As_": null, "Se": null, "Mo": null, "Ag": null, "Cd": null, "Sb": null, "Ba": 0.0, "Hg": null, "Pb": null }, "geometry": { "type": "Point", "coordinates": [ -39.91949632799998, -13.16255253199995 ] } },
{ "type": "Feature", "properties": { "OBJECTID": 110, "X": 400350.0, "Y": 8544706.0, "ID": "TCL55", "Prof": "50-70", "Mg": null, "Al": 0.0, "K": 0.0, "Ca": 0.0, "V": null, "Cr": 0.0, "Mn": 0.0, "Fe": 0.0, "Co": null, "Ni": null, "Cu": 0.0, "Zn": 0.0, "As_": null, "Se": null, "Mo": null, "Ag": null, "Cd": null, "Sb": null, "Ba": 0.0, "Hg": null, "Pb": null }, "geometry": { "type": "Point", "coordinates": [ -39.91949632799998, -13.16255253199995 ] } },
{ "type": "Feature", "properties": { "OBJECTID": 111, "X": 415398.0, "Y": 8520723.0, "ID": "TCL56", "Prof": "0-20", "Mg": null, "Al": 0.0, "K": 0.0, "Ca": 0.0, "V": null, "Cr": 0.0, "Mn": 0.0, "Fe": 0.0, "Co": null, "Ni": null, "Cu": 0.0, "Zn": 0.0, "As_": null, "Se": null, "Mo": null, "Ag": null, "Cd": null, "Sb": null, "Ba": 0.0, "Hg": null, "Pb": null }, "geometry": { "type": "Point", "coordinates": [ -39.781347234999942, -13.379858886999955 ] } },
{ "type": "Feature", "properties": { "OBJECTID": 112, "X": 415398.0, "Y": 8520723.0, "ID": "TCL56", "Prof": "50-70", "Mg": null, "Al": 0.0, "K": 0.0, "Ca": 0.0, "V": null, "Cr": 0.0, "Mn": 0.0, "Fe": 0.0, "Co": null, "Ni": null, "Cu": 0.0, "Zn": 0.0, "As_": null, "Se": null, "Mo": null, "Ag": null, "Cd": null, "Sb": null, "Ba": 0.0, "Hg": null, "Pb": null }, "geometry": { "type": "Point", "coordinates": [ -39.781347234999942, -13.379858886999955 ] } },
{ "type": "Feature", "properties": { "OBJECTID": 113, "X": 469858.0, "Y": 8515361.0, "ID": "TCL57", "Prof": "0-20", "Mg": "< LOD", "Al": 243400.39692900001, "K": 667.84426707800003, "Ca": 0.0, "V": "294,2534829", "Cr": 104.66860259000001, "Mn": 285.429701298, "Fe": 66034.115963300021, "Co": "< LOD", "Ni": "30", "Cu": 53.518542557499998, "Zn": 46.2236375345, "As_": "< LOD", "Se": "< LOD", "Mo": "9", "Ag": "< LOD", "Cd": "< LOD", "Sb": "< LOD", "Ba": 0.0, "Hg": "< LOD", "Pb": "< LOD" }, "geometry": { "type": "Point", "coordinates": [ -39.278442164999944, -13.429397714999936 ] } },
{ "type": "Feature", "properties": { "OBJECTID": 114, "X": 469858.0, "Y": 8515361.0, "ID": "TCL57", "Prof": "50-70", "Mg": "< LOD", "Al": 250566.63998599999, "K": 693.32640127499997, "Ca": 0.0, "V": "368,81545142", "Cr": 193.084316578, "Mn": 330.83897195899999, "Fe": 85302.59475590002, "Co": "< LOD", "Ni": "74", "Cu": 64.440694099799998, "Zn": 38.355784337099998, "As_": "< LOD", "Se": "< LOD", "Mo": "12", "Ag": "< LOD", "Cd": "< LOD", "Sb": "< LOD", "Ba": 0.0, "Hg": "< LOD", "Pb": "20,463039482" }, "geometry": { "type": "Point", "coordinates": [ -39.278442164999944, -13.429397714999936 ] } },
{ "type": "Feature", "properties": { "OBJECTID": 115, "X": 489837.0, "Y": 8511103.0, "ID": "TCL58", "Prof": "0-20", "Mg": "< LOD", "Al": 169011.876445, "K": 736.858380528, "Ca": 0.0, "V": "< LOD", "Cr": 49.408781346700003, "Mn": 100.549099321, "Fe": 16660.607127200001, "Co": "< LOD", "Ni": "< LOD", "Cu": 19.6598727762, "Zn": 7.8678531973599997, "As_": "5,2094416055", "Se": "< LOD", "Mo": "7", "Ag": "< LOD", "Cd": "< LOD", "Sb": "< LOD", "Ba": 0.0, "Hg": "< LOD", "Pb": "< LOD" }, "geometry": { "type": "Point", "coordinates": [ -39.093897885999979, -13.468036527999971 ] } },
{ "type": "Feature", "properties": { "OBJECTID": 116, "X": 489837.0, "Y": 8511103.0, "ID": "TCL58", "Prof": "50-70", "Mg": "< LOD", "Al": 171883.844082, "K": 649.79442202200005, "Ca": 0.0, "V": "35,949520536", "Cr": 38.356817098100002, "Mn": 90.818541322100003, "Fe": 17352.6521054, "Co": "< LOD", "Ni": "< LOD", "Cu": 16.383227313500001, "Zn": 7.8678531973599997, "As_": "6,2513299265", "Se": "< LOD", "Mo": "6", "Ag": "< LOD", "Cd": "< LOD", "Sb": "< LOD", "Ba": 0.0, "Hg": "< LOD", "Pb": "< LOD" }, "geometry": { "type": "Point", "coordinates": [ -39.093897885999979, -13.468036527999971 ] } },
{ "type": "Feature", "properties": { "OBJECTID": 117, "X": 329981.0, "Y": 8504080.0, "ID": "TCL59", "Prof": "0-20", "Mg": null, "Al": 0.0, "K": 0.0, "Ca": 0.0, "V": null, "Cr": 0.0, "Mn": 0.0, "Fe": 0.0, "Co": null, "Ni": null, "Cu": 0.0, "Zn": 0.0, "As_": null, "Se": null, "Mo": null, "Ag": null, "Cd": null, "Sb": null, "Ba": 0.0, "Hg": null, "Pb": null }, "geometry": { "type": "Point", "coordinates": [ -40.57104508599997, -13.526627761999976 ] } },
{ "type": "Feature", "properties": { "OBJECTID": 118, "X": 329981.0, "Y": 8504080.0, "ID": "TCL59", "Prof": "50-70", "Mg": null, "Al": 0.0, "K": 0.0, "Ca": 0.0, "V": null, "Cr": 0.0, "Mn": 0.0, "Fe": 0.0, "Co": null, "Ni": null, "Cu": 0.0, "Zn": 0.0, "As_": null, "Se": null, "Mo": null, "Ag": null, "Cd": null, "Sb": null, "Ba": 0.0, "Hg": null, "Pb": null }, "geometry": { "type": "Point", "coordinates": [ -40.57104508599997, -13.526627761999976 ] } },
{ "type": "Feature", "properties": { "OBJECTID": 119, "X": 356735.0, "Y": 8503230.0, "ID": "TCL60", "Prof": "0-20", "Mg": null, "Al": 0.0, "K": 0.0, "Ca": 0.0, "V": null, "Cr": 0.0, "Mn": 0.0, "Fe": 0.0, "Co": null, "Ni": null, "Cu": 0.0, "Zn": 0.0, "As_": null, "Se": null, "Mo": null, "Ag": null, "Cd": null, "Sb": null, "Ba": 0.0, "Hg": null, "Pb": null }, "geometry": { "type": "Point", "coordinates": [ -40.323920677999979, -13.535741096999971 ] } },
{ "type": "Feature", "properties": { "OBJECTID": 120, "X": 356735.0, "Y": 8503230.0, "ID": "TCL60", "Prof": "50-70", "Mg": null, "Al": 0.0, "K": 0.0, "Ca": 0.0, "V": null, "Cr": 0.0, "Mn": 0.0, "Fe": 0.0, "Co": null, "Ni": null, "Cu": 0.0, "Zn": 0.0, "As_": null, "Se": null, "Mo": null, "Ag": null, "Cd": null, "Sb": null, "Ba": 0.0, "Hg": null, "Pb": null }, "geometry": { "type": "Point", "coordinates": [ -40.323920677999979, -13.535741096999971 ] } },
{ "type": "Feature", "properties": { "OBJECTID": 121, "X": 412885.0, "Y": 8485038.0, "ID": "TCL61", "Prof": "0-20", "Mg": "< LOD", "Al": 250440.13665, "K": 948.14774324400003, "Ca": 229.26789128199999, "V": "< LOD", "Cr": 0.0, "Mn": 326.514279515, "Fe": 54397.454799699997, "Co": "< LOD", "Ni": "< LOD", "Cu": 15.291012159299999, "Zn": 69.827197126599998, "As_": "< LOD", "Se": "4", "Mo": "22", "Ag": "< LOD", "Cd": "< LOD", "Sb": "< LOD", "Ba": 0.0, "Hg": "< LOD", "Pb": "28,4703158" }, "geometry": { "type": "Point", "coordinates": [ -39.805639655999983, -13.702429732999974 ] } },
{ "type": "Feature", "properties": { "OBJECTID": 122, "X": 412885.0, "Y": 8485038.0, "ID": "TCL61", "Prof": "50-70", "Mg": "< LOD", "Al": 274606.832582, "K": 934.34492055400005, "Ca": 0.0, "V": "< LOD", "Cr": 0.0, "Mn": 367.598857732, "Fe": 66132.877294200021, "Co": "< LOD", "Ni": "< LOD", "Cu": 20.752087930399998, "Zn": 74.744605374900004, "As_": "< LOD", "Se": "< LOD", "Mo": "16", "Ag": "< LOD", "Cd": "< LOD", "Sb": "< LOD", "Ba": 0.0, "Hg": "< LOD", "Pb": "31,139407907" }, "geometry": { "type": "Point", "coordinates": [ -39.805639655999983, -13.702429732999974 ] } },
{ "type": "Feature", "properties": { "OBJECTID": 123, "X": 451179.0, "Y": 8480706.0, "ID": "TCL62", "Prof": "0-20", "Mg": "< LOD", "Al": 216033.50848700001, "K": 746.41418085199996, "Ca": 284.63824993100002, "V": "159,77564682", "Cr": 0.0, "Mn": 368.680030843, "Fe": 47743.231214300002, "Co": "< LOD", "Ni": "< LOD", "Cu": 38.227530398200003, "Zn": 33.438376088799998, "As_": "< LOD", "Se": "< LOD", "Mo": "15", "Ag": "< LOD", "Cd": "< LOD", "Sb": "< LOD", "Ba": 0.0, "Hg": "< LOD", "Pb": "< LOD" }, "geometry": { "type": "Point", "coordinates": [ -39.451582430999963, -13.742499180999971 ] } },
{ "type": "Feature", "properties": { "OBJECTID": 124, "X": 451179.0, "Y": 8480706.0, "ID": "TCL62", "Prof": "50-70", "Mg": "< LOD", "Al": 232842.49685299999, "K": 673.15304503599998, "Ca": 0.0, "V": "226,348833", "Cr": 0.0, "Mn": 326.514279515, "Fe": 62825.804032400003, "Co": "< LOD", "Ni": "< LOD", "Cu": 33.858669781300001, "Zn": 34.4218577384, "As_": "< LOD", "Se": "< LOD", "Mo": "10", "Ag": "< LOD", "Cd": "< LOD", "Sb": "< LOD", "Ba": 0.0, "Hg": "< LOD", "Pb": "17,793947375" }, "geometry": { "type": "Point", "coordinates": [ -39.451582430999963, -13.742499180999971 ] } },
{ "type": "Feature", "properties": { "OBJECTID": 125, "X": 485551.0, "Y": 8467577.0, "ID": "TCL63", "Prof": "0-20", "Mg": "< LOD", "Al": 136478.865265, "K": 3977.3364459099998, "Ca": 0.0, "V": "< LOD", "Cr": 0.0, "Mn": 221.64048775000001, "Fe": 19539.714621700001, "Co": "< LOD", "Ni": "< LOD", "Cu": 18.567657622, "Zn": 16.719188044399999, "As_": "< LOD", "Se": "< LOD", "Mo": "7", "Ag": "< LOD", "Cd": "< LOD", "Sb": "< LOD", "Ba": 0.0, "Hg": "< LOD", "Pb": "< LOD" }, "geometry": { "type": "Point", "coordinates": [ -39.133718709999982, -13.861590232999959 ] } },
{ "type": "Feature", "properties": { "OBJECTID": 126, "X": 485551.0, "Y": 8467577.0, "ID": "TCL63", "Prof": "50-70", "Mg": "< LOD", "Al": 185065.263802, "K": 5583.7726559000002, "Ca": 0.0, "V": "109,18002533", "Cr": 53.959590154899999, "Mn": 218.396968418, "Fe": 29996.249447099999, "Co": "< LOD", "Ni": "< LOD", "Cu": 19.6598727762, "Zn": 24.5870412417, "As_": "5,2094416055", "Se": "< LOD", "Mo": "8", "Ag": "< LOD", "Cd": "< LOD", "Sb": "< LOD", "Ba": 0.0, "Hg": "< LOD", "Pb": "< LOD" }, "geometry": { "type": "Point", "coordinates": [ -39.133718709999982, -13.861590232999959 ] } },
{ "type": "Feature", "properties": { "OBJECTID": 127, "X": 326501.0, "Y": 8441083.0, "ID": "TCL64", "Prof": "0-20", "Mg": "< LOD", "Al": 191190.98842499999, "K": 36330.091075700002, "Ca": 3780.7573015200001, "V": "< LOD", "Cr": 14.9526575128, "Mn": 303.80964418500002, "Fe": 21107.729665300001, "Co": "< LOD", "Ni": "< LOD", "Cu": 20.752087930399998, "Zn": 63.926307228500001, "As_": "< LOD", "Se": "< LOD", "Mo": "< LOD", "Ag": "< LOD", "Cd": "< LOD", "Sb": "< LOD", "Ba": 924.10686990600004, "Hg": "< LOD", "Pb": "31,139407907" }, "geometry": { "type": "Point", "coordinates": [ -40.607090629999959, -14.095826508999949 ] } },
{ "type": "Feature", "properties": { "OBJECTID": 128, "X": 326501.0, "Y": 8441083.0, "ID": "TCL64", "Prof": "50-70", "Mg": "< LOD", "Al": 201454.85371900001, "K": 34811.780579799997, "Ca": 3097.2794369399999, "V": "< LOD", "Cr": 20.8036974091, "Mn": 267.04975841200002, "Fe": 23947.4757599, "Co": "< LOD", "Ni": "< LOD", "Cu": 21.844303084700002, "Zn": 68.843715476900002, "As_": "< LOD", "Se": "< LOD", "Mo": "8", "Ag": "< LOD", "Cd": "< LOD", "Sb": "< LOD", "Ba": 769.39839542300001, "Hg": "< LOD", "Pb": "25,801223694" }, "geometry": { "type": "Point", "coordinates": [ -40.607090629999959, -14.095826508999949 ] } },
{ "type": "Feature", "properties": { "OBJECTID": 129, "X": 375971.0, "Y": 8450654.0, "ID": "TCL65", "Prof": "0-20", "Mg": "13946,93", "Al": 140529.25136900001, "K": 31704.021963399999, "Ca": 8442.2493702899992, "V": "< LOD", "Cr": 239.89263574899999, "Mn": 805.473967679, "Fe": 21104.867018100002, "Co": "< LOD", "Ni": "51", "Cu": 37.135315243999997, "Zn": 35.405339388100003, "As_": "< LOD", "Se": "< LOD", "Mo": "9", "Ag": "< LOD", "Cd": "< LOD", "Sb": "< LOD", "Ba": 785.97430340300002, "Hg": "< LOD", "Pb": "40,926078963" }, "geometry": { "type": "Point", "coordinates": [ -40.148505616999955, -14.011923506999949 ] } },
{ "type": "Feature", "properties": { "OBJECTID": 130, "X": 375971.0, "Y": 8450654.0, "ID": "TCL65", "Prof": "20-40", "Mg": "8951,65", "Al": 140635.240651, "K": 30800.467955, "Ca": 8516.6532897300003, "V": "75,893432242", "Cr": 229.490787044, "Mn": 756.82117768499995, "Fe": 21663.0832362, "Co": "< LOD", "Ni": "61", "Cu": 33.858669781300001, "Zn": 36.3888210378, "As_": "< LOD", "Se": "< LOD", "Mo": "10", "Ag": "< LOD", "Cd": "< LOD", "Sb": "< LOD", "Ba": 777.68634941300002, "Hg": "< LOD", "Pb": "37,367289488" }, "geometry": { "type": "Point", "coordinates": [ -40.148505616999955, -14.011923506999949 ] } },
{ "type": "Feature", "properties": { "OBJECTID": 131, "X": 400985.0, "Y": 8442925.0, "ID": "TCL66", "Prof": "0-20", "Mg": "< LOD", "Al": 257463.92099399999, "K": 1623.4242994599999, "Ca": 162.65042853200001, "V": "63,91025873", "Cr": 135.874148703, "Mn": 325.433106404, "Fe": 36716.313919799999, "Co": "< LOD", "Ni": "< LOD", "Cu": 13.1065818508, "Zn": 27.537486190799999, "As_": "< LOD", "Se": "< LOD", "Mo": "7", "Ag": "< LOD", "Cd": "< LOD", "Sb": "< LOD", "Ba": 0.0, "Hg": "< LOD", "Pb": "15,124855269" }, "geometry": { "type": "Point", "coordinates": [ -39.917178375999981, -14.08278685099998 ] } },
{ "type": "Feature", "properties": { "OBJECTID": 132, "X": 400985.0, "Y": 8442925.0, "ID": "TCL66", "Prof": "50-70", "Mg": "< LOD", "Al": 254390.23182099999, "K": 1295.3418216800001, "Ca": 0.0, "V": "85,213678306", "Cr": 136.52426424699999, "Mn": 151.36423553700001, "Fe": 40645.297301600011, "Co": "< LOD", "Ni": "< LOD", "Cu": 16.383227313500001, "Zn": 28.520967840400001, "As_": "< LOD", "Se": "< LOD", "Mo": "< LOD", "Ag": "< LOD", "Cd": "< LOD", "Sb": "< LOD", "Ba": 0.0, "Hg": "< LOD", "Pb": "13,345460531" }, "geometry": { "type": "Point", "coordinates": [ -39.917178375999981, -14.08278685099998 ] } },
{ "type": "Feature", "properties": { "OBJECTID": 133, "X": 425393.0, "Y": 8450561.0, "ID": "TCL67", "Prof": "0-20", "Mg": "< LOD", "Al": 279454.98747400002, "K": 697.57342364099998, "Ca": 374.61508273599998, "V": "< LOD", "Cr": 81.914558548399995, "Mn": 95.143233766099996, "Fe": 20619.648305300001, "Co": "< LOD", "Ni": "< LOD", "Cu": 9.8299363881099993, "Zn": 19.6696329934, "As_": "4,1675532844", "Se": "< LOD", "Mo": "7", "Ag": "< LOD", "Cd": "< LOD", "Sb": "< LOD", "Ba": 0.0, "Hg": "< LOD", "Pb": "< LOD" }, "geometry": { "type": "Point", "coordinates": [ -39.690893011999947, -14.014501165999945 ] } },
{ "type": "Feature", "properties": { "OBJECTID": 134, "X": 425393.0, "Y": 8450561.0, "ID": "TCL67", "Prof": "50-70", "Mg": "< LOD", "Al": 297639.55716500001, "K": 586.08908653000003, "Ca": 0.0, "V": "< LOD", "Cr": 59.160514507199998, "Mn": 72.438598435499998, "Fe": 22118.2441526, "Co": "< LOD", "Ni": "< LOD", "Cu": 6.5532909253999998, "Zn": 20.6531146431, "As_": "< LOD", "Se": "< LOD", "Mo": "7", "Ag": "< LOD", "Cd": "< LOD", "Sb": "35", "Ba": 0.0, "Hg": "< LOD", "Pb": "< LOD" }, "geometry": { "type": "Point", "coordinates": [ -39.690893011999947, -14.014501165999945 ] } },
{ "type": "Feature", "properties": { "OBJECTID": 135, "X": 480261.0, "Y": 8448972.0, "ID": "TCL68", "Prof": "0-20", "Mg": "< LOD", "Al": 254889.407148, "K": 1652.0917004299999, "Ca": 184.27947487899999, "V": "233,00615162", "Cr": 42.907625906299998, "Mn": 265.96858530100002, "Fe": 65100.177290500003, "Co": "< LOD", "Ni": "< LOD", "Cu": 25.120948547400001, "Zn": 38.355784337099998, "As_": "< LOD", "Se": "< LOD", "Mo": "10", "Ag": "< LOD", "Cd": "< LOD", "Sb": "< LOD", "Ba": 0.0, "Hg": "< LOD", "Pb": "10,676368425" }, "geometry": { "type": "Point", "coordinates": [ -39.182807418999971, -14.029784838999944 ] } },
{ "type": "Feature", "properties": { "OBJECTID": 136, "X": 480261.0, "Y": 8448972.0, "ID": "TCL68", "Prof": "50-70", "Mg": "< LOD", "Al": 226664.34742400001, "K": 839.84867290700004, "Ca": 0.0, "V": "252,97810747", "Cr": 0.0, "Mn": 283.267355076, "Fe": 71800.918894100003, "Co": "< LOD", "Ni": "21", "Cu": 26.213163701599999, "Zn": 40.322747636499997, "As_": "< LOD", "Se": "< LOD", "Mo": "12", "Ag": "< LOD", "Cd": "< LOD", "Sb": "< LOD", "Ba": 0.0, "Hg": "< LOD", "Pb": "13,345460531" }, "geometry": { "type": "Point", "coordinates": [ -39.182807418999971, -14.029784838999944 ] } },
{ "type": "Feature", "properties": { "OBJECTID": 137, "X": 445240.0, "Y": 8738935.0, "ID": "TCL69", "Prof": "0-20", "Mg": "< LOD", "Al": 128963.883281, "K": 39815.834682699999, "Ca": 8610.0907699500003, "V": "< LOD", "Cr": 50.7090124347, "Mn": 288.67322063099999, "Fe": 5564.2706363300003, "Co": "< LOD", "Ni": "< LOD", "Cu": 21.844303084700002, "Zn": 17.702669694099999, "As_": "< LOD", "Se": "< LOD", "Mo": "8", "Ag": "< LOD", "Cd": "< LOD", "Sb": "< LOD", "Ba": 1788.8167362199999, "Hg": "< LOD", "Pb": "< LOD" }, "geometry": { "type": "Point", "coordinates": [ -39.501959769999985, -11.407319555999948 ] } },
{ "type": "Feature", "properties": { "OBJECTID": 138, "X": 445240.0, "Y": 8738935.0, "ID": "TCL69", "Prof": "50-70", "Mg": "< LOD", "Al": 140506.457975, "K": 40779.908759799997, "Ca": 7782.9960376299996, "V": "< LOD", "Cr": 0.0, "Mn": 128.65960020599999, "Fe": 5531.3501926999998, "Co": "< LOD", "Ni": "< LOD", "Cu": 21.844303084700002, "Zn": 16.719188044399999, "As_": "< LOD", "Se": "< LOD", "Mo": "< LOD", "Ag": "< LOD", "Cd": "< LOD", "Sb": "< LOD", "Ba": 1896.56013809, "Hg": "< LOD", "Pb": "23,132131588" }, "geometry": { "type": "Point", "coordinates": [ -39.501959769999985, -11.407319555999948 ] } },
{ "type": "Feature", "properties": { "OBJECTID": 139, "X": 459113.0, "Y": 8726055.0, "ID": "TCL70", "Prof": "0-20", "Mg": "5388,76", "Al": 106683.340698, "K": 23123.975028100002, "Ca": 10019.4394299, "V": "< LOD", "Cr": 26.004621761399999, "Mn": 168.66300531300001, "Fe": 4598.8428436100003, "Co": "< LOD", "Ni": "< LOD", "Cu": 18.567657622, "Zn": 14.752224745, "As_": "< LOD", "Se": "< LOD", "Mo": "< LOD", "Ag": "< LOD", "Cd": "< LOD", "Sb": "< LOD", "Ba": 1849.5950654799999, "Hg": "< LOD", "Pb": "< LOD" }, "geometry": { "type": "Point", "coordinates": [ -39.374948153999981, -11.523990072999936 ] } },
{ "type": "Feature", "properties": { "OBJECTID": 140, "X": 459113.0, "Y": 8726055.0, "ID": "TCL70", "Prof": "40-60", "Mg": "< LOD", "Al": 101136.568281, "K": 34192.77706990001, "Ca": 6191.0982264599998, "V": "< LOD", "Cr": 20.153581865100001, "Mn": 0.0, "Fe": 3153.2059708900001, "Co": "< LOD", "Ni": "< LOD", "Cu": 18.567657622, "Zn": 11.801779796, "As_": "< LOD", "Se": "< LOD", "Mo": "9", "Ag": "< LOD", "Cd": "< LOD", "Sb": "< LOD", "Ba": 1483.54376424, "Hg": "< LOD", "Pb": "18,683644744" }, "geometry": { "type": "Point", "coordinates": [ -39.374948153999981, -11.523990072999936 ] } },
{ "type": "Feature", "properties": { "OBJECTID": 141, "X": 480895.0, "Y": 8740978.0, "ID": "TCL71", "Prof": "0-20", "Mg": "< LOD", "Al": 95229.660239499994, "K": 34922.2031613, "Ca": 4224.5853325600001, "V": "27,960738194", "Cr": 23.4041595853, "Mn": 117.847869097, "Fe": 3175.39148725, "Co": "< LOD", "Ni": "< LOD", "Cu": 17.475442467699999, "Zn": 14.752224745, "As_": "7,2932182476", "Se": "< LOD", "Mo": "< LOD", "Ag": "< LOD", "Cd": "< LOD", "Sb": "< LOD", "Ba": 1674.16670602, "Hg": "< LOD", "Pb": "< LOD" }, "geometry": { "type": "Point", "coordinates": [ -39.175117504999946, -11.389220068999975 ] } },
{ "type": "Feature", "properties": { "OBJECTID": 142, "X": 480895.0, "Y": 8740978.0, "ID": "TCL71", "Prof": "40-60", "Mg": "< LOD", "Al": 123504.86543000001, "K": 39714.9679015, "Ca": 4052.41812364, "V": "< LOD", "Cr": 25.354506217400001, "Mn": 0.0, "Fe": 3533.2223963400002, "Co": "< LOD", "Ni": "< LOD", "Cu": 21.844303084700002, "Zn": 12.7852614457, "As_": "< LOD", "Se": "< LOD", "Mo": "< LOD", "Ag": "< LOD", "Cd": "< LOD", "Sb": "< LOD", "Ba": 1862.02699646, "Hg": "< LOD", "Pb": "18,683644744" }, "geometry": { "type": "Point", "coordinates": [ -39.175117504999946, -11.389220068999975 ] } },
{ "type": "Feature", "properties": { "OBJECTID": 143, "X": 496775.0, "Y": 8751639.0, "ID": "TCL72", "Prof": "0-20", "Mg": "< LOD", "Al": 112986.853794, "K": 39370.95908990001, "Ca": 7587.9020395699999, "V": "< LOD", "Cr": 31.855661657700001, "Mn": 110.820243875, "Fe": 3324.9648072499999, "Co": "< LOD", "Ni": "< LOD", "Cu": 21.298195507599999, "Zn": 9.3430756718599994, "As_": "< LOD", "Se": "< LOD", "Mo": "< LOD", "Ag": "< LOD", "Cd": "< LOD", "Sb": "< LOD", "Ba": 1551.9193846600001, "Hg": "< LOD", "Pb": "17,349098691" }, "geometry": { "type": "Point", "coordinates": [ -39.029550666999967, -11.292854777999935 ] } },
{ "type": "Feature", "properties": { "OBJECTID": 144, "X": 496775.0, "Y": 8751639.0, "ID": "TCL72", "Prof": "50-70", "Mg": "130342,8", "Al": 669743.63492800004, "K": 12460.061019799999, "Ca": 3873.9182004300001, "V": "75,088345336", "Cr": 503.82666971600003, "Mn": 16325.319565399999, "Fe": 0.0, "Co": "< LOD", "Ni": "24,57484097", "Cu": 19.6696329934, "Zn": 10.418883210900001, "As_": "< LOD", "Se": "102,54401768", "Mo": "0", "Ag": "< LOD", "Cd": "0", "Sb": "0", "Ba": 0.0, "Hg": "< LOD", "Pb": "< LOD" }, "geometry": { "type": "Point", "coordinates": [ -39.029550666999967, -11.292854777999935 ] } },
{ "type": "Feature", "properties": { "OBJECTID": 145, "X": 567645.0, "Y": 8688643.0, "ID": "TCL73", "Prof": "0-20", "Mg": "< LOD", "Al": 202431.55065, "K": 674.21480062700005, "Ca": 1558.5890797899999, "V": "< LOD", "Cr": 40.307163730200003, "Mn": 483.284380607, "Fe": 12926.283759899999, "Co": "< LOD", "Ni": "< LOD", "Cu": 18.0215500449, "Zn": 17.2109288692, "As_": "4,6884974449", "Se": "< LOD", "Mo": "10,5", "Ag": "< LOD", "Cd": "< LOD", "Sb": "< LOD", "Ba": 0.0, "Hg": "< LOD", "Pb": "< LOD" }, "geometry": { "type": "Point", "coordinates": [ -38.378925954999943, -11.861888721999946 ] } },
{ "type": "Feature", "properties": { "OBJECTID": 146, "X": 567645.0, "Y": 8688643.0, "ID": "TCL73", "Prof": "50-70", "Mg": "< LOD", "Al": 258499.880749, "K": 571.22450824800001, "Ca": 108.145231737, "V": "< LOD", "Cr": 44.857972538399999, "Mn": 218.396968418, "Fe": 17243.1558472, "Co": "< LOD", "Ni": "< LOD", "Cu": 15.291012159299999, "Zn": 20.6531146431, "As_": "6,2513299265", "Se": "< LOD", "Mo": "10", "Ag": "< LOD", "Cd": "< LOD", "Sb": "< LOD", "Ba": 0.0, "Hg": "< LOD", "Pb": "9,7866710564" }, "geometry": { "type": "Point", "coordinates": [ -38.378925954999943, -11.861888721999946 ] } },
{ "type": "Feature", "properties": { "OBJECTID": 147, "X": 598352.0, "Y": 8674004.0, "ID": "TCL74", "Prof": "0-20", "Mg": "< LOD", "Al": 166670.99488700001, "K": 628.55931019100001, "Ca": 400.569938353, "V": "< LOD", "Cr": 50.7090124347, "Mn": 61.626867325699997, "Fe": 8451.9660726799993, "Co": "< LOD", "Ni": "< LOD", "Cu": 16.383227313500001, "Zn": 10.8182981464, "As_": "< LOD", "Se": "< LOD", "Mo": "7", "Ag": "< LOD", "Cd": "< LOD", "Sb": "< LOD", "Ba": 0.0, "Hg": "< LOD", "Pb": "< LOD" }, "geometry": { "type": "Point", "coordinates": [ -38.096576173999949, -11.993499855999971 ] } },
{ "type": "Feature", "properties": { "OBJECTID": 148, "X": 598352.0, "Y": 8674004.0, "ID": "TCL74", "Prof": "50-70", "Mg": "< LOD", "Al": 257003.49443699999, "K": 621.12702105000005, "Ca": 0.0, "V": "< LOD", "Cr": 58.510398963199997, "Mn": 63.789213547700001, "Fe": 14320.392981700001, "Co": "< LOD", "Ni": "< LOD", "Cu": 16.383227313500001, "Zn": 15.735706394699999, "As_": "10,418883211", "Se": "< LOD", "Mo": "8", "Ag": "< LOD", "Cd": "< LOD", "Sb": "< LOD", "Ba": 0.0, "Hg": "< LOD", "Pb": "< LOD" }, "geometry": { "type": "Point", "coordinates": [ -38.096576173999949, -11.993499855999971 ] } },
{ "type": "Feature", "properties": { "OBJECTID": 149, "X": 642096.0, "Y": 8678921.0, "ID": "TCL75", "Prof": "0-20", "Mg": "< LOD", "Al": 163946.04464000001, "K": 1086.1759701399999, "Ca": 629.83782963500005, "V": "< LOD", "Cr": 54.609705698900001, "Mn": 71.357425324499999, "Fe": 11342.5241563, "Co": "< LOD", "Ni": "< LOD", "Cu": 14.198797005, "Zn": 9.8348164967000002, "As_": "4,1675532844", "Se": "< LOD", "Mo": "12", "Ag": "< LOD", "Cd": "< LOD", "Sb": "< LOD", "Ba": 0.0, "Hg": "< LOD", "Pb": "< LOD" }, "geometry": { "type": "Point", "coordinates": [ -37.695035573999974, -11.947460840999952 ] } },
{ "type": "Feature", "properties": { "OBJECTID": 150, "X": 642096.0, "Y": 8678921.0, "ID": "TCL75", "Prof": "50-70", "Mg": "< LOD", "Al": 194099.42549200001, "K": 1290.03304372, "Ca": 0.0, "V": "< LOD", "Cr": 14.3025419688, "Mn": 114.60434976400001, "Fe": 13900.299494499999, "Co": "< LOD", "Ni": "< LOD", "Cu": 17.475442467699999, "Zn": 13.7687430954, "As_": "4,1675532844", "Se": "< LOD", "Mo": "10", "Ag": "< LOD", "Cd": "< LOD", "Sb": "< LOD", "Ba": 0.0, "Hg": "< LOD", "Pb": "12,455763163" }, "geometry": { "type": "Point", "coordinates": [ -37.695035573999974, -11.947460840999952 ] } },
{ "type": "Feature", "properties": { "OBJECTID": 151, "X": 648901.0, "Y": 8689213.0, "ID": "TCL76", "Prof": "0-20", "Mg": "< LOD", "Al": 74086.508014599996, "K": 267.56240906800002, "Ca": 0.0, "V": "< LOD", "Cr": 66.311785491600006, "Mn": 0.0, "Fe": 2291.54914181, "Co": "< LOD", "Ni": "< LOD", "Cu": 18.567657622, "Zn": 9.8348164967000002, "As_": "< LOD", "Se": "< LOD", "Mo": "< LOD", "Ag": "< LOD", "Cd": "< LOD", "Sb": "< LOD", "Ba": 0.0, "Hg": "< LOD", "Pb": "< LOD" }, "geometry": { "type": "Point", "coordinates": [ -37.633017802999973, -11.85411523199997 ] } },
{ "type": "Feature", "properties": { "OBJECTID": 152, "X": 648901.0, "Y": 8689213.0, "ID": "TCL76", "Prof": "140-160", "Mg": "4272,73", "Al": 19549.893988100001, "K": 147.58402722400001, "Ca": 0.0, "V": "< LOD", "Cr": 96.217100517199995, "Mn": 0.0, "Fe": 1072.0614036300001, "Co": "0", "Ni": "< LOD", "Cu": 20.752087930399998, "Zn": 5.90088989802, "As_": "< LOD", "Se": "< LOD", "Mo": "< LOD", "Ag": "< LOD", "Cd": "< LOD", "Sb": "< LOD", "Ba": 0.0, "Hg": "< LOD", "Pb": "< LOD" }, "geometry": { "type": "Point", "coordinates": [ -37.633017802999973, -11.85411523199997 ] } },
{ "type": "Feature", "properties": { "OBJECTID": 153, "X": 482258.0, "Y": 8602093.0, "ID": "TCL77", "Prof": "0-20", "Mg": "< LOD", "Al": 201156.26025799999, "K": 1105.28757079, "Ca": 1028.6774442799999, "V": "< LOD", "Cr": 0.0, "Mn": 205.42289108599999, "Fe": 21207.2066581, "Co": "< LOD", "Ni": "< LOD", "Cu": 16.383227313500001, "Zn": 25.5705228914, "As_": "< LOD", "Se": "< LOD", "Mo": "14", "Ag": "< LOD", "Cd": "< LOD", "Sb": "< LOD", "Ba": 0.0, "Hg": "< LOD", "Pb": "17,793947375" }, "geometry": { "type": "Point", "coordinates": [ -39.163379991999932, -12.645210901999974 ] } },
{ "type": "Feature", "properties": { "OBJECTID": 154, "X": 482258.0, "Y": 8602093.0, "ID": "TCL77", "Prof": "50-70", "Mg": "< LOD", "Al": 235995.962906, "K": 668.90602266999997, "Ca": 301.94148700900001, "V": "< LOD", "Cr": 0.0, "Mn": 205.42289108599999, "Fe": 26716.371334399999, "Co": "< LOD", "Ni": "< LOD", "Cu": 14.198797005, "Zn": 25.5705228914, "As_": "4,1675532844", "Se": "< LOD", "Mo": "11", "Ag": "< LOD", "Cd": "< LOD", "Sb": "< LOD", "Ba": 0.0, "Hg": "< LOD", "Pb": "< LOD" }, "geometry": { "type": "Point", "coordinates": [ -39.163379991999932, -12.645210901999974 ] } },
{ "type": "Feature", "properties": { "OBJECTID": 155, "X": 528389.0, "Y": 8607550.0, "ID": "TCL78", "Prof": "0-20", "Mg": null, "Al": 0.0, "K": 0.0, "Ca": 0.0, "V": null, "Cr": 0.0, "Mn": 0.0, "Fe": 0.0, "Co": null, "Ni": null, "Cu": 0.0, "Zn": 0.0, "As_": null, "Se": null, "Mo": null, "Ag": null, "Cd": null, "Sb": null, "Ba": 0.0, "Hg": null, "Pb": null }, "geometry": { "type": "Point", "coordinates": [ -38.73862610599997, -12.595785758999966 ] } },
{ "type": "Feature", "properties": { "OBJECTID": 156, "X": 528389.0, "Y": 8607550.0, "ID": "TCL78", "Prof": "50-70", "Mg": null, "Al": 0.0, "K": 0.0, "Ca": 0.0, "V": null, "Cr": 0.0, "Mn": 0.0, "Fe": 0.0, "Co": null, "Ni": null, "Cu": 0.0, "Zn": 0.0, "As_": null, "Se": null, "Mo": null, "Ag": null, "Cd": null, "Sb": null, "Ba": 0.0, "Hg": null, "Pb": null }, "geometry": { "type": "Point", "coordinates": [ -38.73862610599997, -12.595785758999966 ] } },
{ "type": "Feature", "properties": { "OBJECTID": 157, "X": 541818.0, "Y": 8627629.0, "ID": "TCL79", "Prof": "0-20", "Mg": "< LOD", "Al": 129828.89258099999, "K": 4686.5891810499998, "Ca": 427.38995582299998, "V": "< LOD", "Cr": 32.505777201800001, "Mn": 101.630272432, "Fe": 12134.046127199999, "Co": "< LOD", "Ni": "< LOD", "Cu": 74.270630487899993, "Zn": 20.6531146431, "As_": "< LOD", "Se": "< LOD", "Mo": "9", "Ag": "< LOD", "Cd": "< LOD", "Sb": "< LOD", "Ba": 0.0, "Hg": "< LOD", "Pb": "33,808500013" }, "geometry": { "type": "Point", "coordinates": [ -38.615257448999955, -12.414065004999941 ] } },
{ "type": "Feature", "properties": { "OBJECTID": 158, "X": 541818.0, "Y": 8627629.0, "ID": "TCL79", "Prof": "50-70", "Mg": "6917,81", "Al": 166175.238568, "K": 5130.4030183200002, "Ca": 160.05494297000001, "V": "117,16880767", "Cr": 20.8036974091, "Mn": 71.357425324499999, "Fe": 17101.4548072, "Co": "< LOD", "Ni": "< LOD", "Cu": 81.916136567600006, "Zn": 15.735706394699999, "As_": "< LOD", "Se": "< LOD", "Mo": "7", "Ag": "< LOD", "Cd": "< LOD", "Sb": "< LOD", "Ba": 337.04346226799998, "Hg": "< LOD", "Pb": "35,58789475" }, "geometry": { "type": "Point", "coordinates": [ -38.615257448999955, -12.414065004999941 ] } },
{ "type": "Feature", "properties": { "OBJECTID": 159, "X": 604379.0, "Y": 8610500.0, "ID": "TCL80", "Prof": "0-20", "Mg": "10406,49", "Al": 14827.102762300001, "K": 1044.7675020700001, "Ca": 4290.3376334599998, "V": "< LOD", "Cr": 42.257510362300003, "Mn": 60.545694214800001, "Fe": 1175.8323672700001, "Co": "< LOD", "Ni": "< LOD", "Cu": 18.567657622, "Zn": 6.8843715476899998, "As_": "< LOD", "Se": "< LOD", "Mo": "8", "Ag": "< LOD", "Cd": "< LOD", "Sb": "< LOD", "Ba": 0.0, "Hg": "< LOD", "Pb": "< LOD" }, "geometry": { "type": "Point", "coordinates": [ -38.039139059999968, -12.56751431899994 ] } },
{ "type": "Feature", "properties": { "OBJECTID": 160, "X": 604379.0, "Y": 8610500.0, "ID": "TCL80", "Prof": "50-70", "Mg": "7386,48", "Al": 18252.949872500001, "K": 405.59063596800002, "Ca": 115.93168842199999, "V": "< LOD", "Cr": 82.564674092499999, "Mn": 0.0, "Fe": 533.88371636099998, "Co": "< LOD", "Ni": "< LOD", "Cu": 17.475442467699999, "Zn": 0.0, "As_": "< LOD", "Se": "< LOD", "Mo": "< LOD", "Ag": "< LOD", "Cd": "< LOD", "Sb": "< LOD", "Ba": 0.0, "Hg": "< LOD", "Pb": "< LOD" }, "geometry": { "type": "Point", "coordinates": [ -38.039139059999968, -12.56751431899994 ] } },
{ "type": "Feature", "properties": { "OBJECTID": 161, "X": 446493.0, "Y": 8580049.0, "ID": "TCL81", "Prof": "0-20", "Mg": "< LOD", "Al": 200089.52942100001, "K": 1074.4966586400001, "Ca": 634.16363890399998, "V": "< LOD", "Cr": 16.2528886009, "Mn": 251.91333485800001, "Fe": 39201.091752499997, "Co": "< LOD", "Ni": "< LOD", "Cu": 15.291012159299999, "Zn": 59.992380629899998, "As_": "8,3351065687", "Se": "< LOD", "Mo": "12", "Ag": "< LOD", "Cd": "< LOD", "Sb": "< LOD", "Ba": 0.0, "Hg": "< LOD", "Pb": "< LOD" }, "geometry": { "type": "Point", "coordinates": [ -39.49310731199995, -12.844139637999945 ] } },
{ "type": "Feature", "properties": { "OBJECTID": 162, "X": 446493.0, "Y": 8580049.0, "ID": "TCL81", "Prof": "50-70", "Mg": "< LOD", "Al": 226191.3845, "K": 849.404473231, "Ca": 0.0, "V": "< LOD", "Cr": 0.0, "Mn": 282.186181965, "Fe": 47404.723174300001, "Co": "< LOD", "Ni": "< LOD", "Cu": 15.291012159299999, "Zn": 67.860233827200005, "As_": "6,2513299265", "Se": "< LOD", "Mo": "20", "Ag": "< LOD", "Cd": "< LOD", "Sb": "< LOD", "Ba": 0.0, "Hg": "< LOD", "Pb": "14,2351579" }, "geometry": { "type": "Point", "coordinates": [ -39.49310731199995, -12.844139637999945 ] } },
{ "type": "Feature", "properties": { "OBJECTID": 163, "X": 390171.0, "Y": 8536726.0, "ID": "TCL82", "Prof": "0-20", "Mg": null, "Al": 0.0, "K": 0.0, "Ca": 0.0, "V": null, "Cr": 0.0, "Mn": 0.0, "Fe": 0.0, "Co": null, "Ni": null, "Cu": 0.0, "Zn": 0.0, "As_": null, "Se": null, "Mo": null, "Ag": null, "Cd": null, "Sb": null, "Ba": 0.0, "Hg": null, "Pb": null }, "geometry": { "type": "Point", "coordinates": [ -40.01370815699994, -13.234347419999949 ] } },
{ "type": "Feature", "properties": { "OBJECTID": 164, "X": 390171.0, "Y": 8536726.0, "ID": "TCL82", "Prof": "50-70", "Mg": null, "Al": 0.0, "K": 0.0, "Ca": 0.0, "V": null, "Cr": 0.0, "Mn": 0.0, "Fe": 0.0, "Co": null, "Ni": null, "Cu": 0.0, "Zn": 0.0, "As_": null, "Se": null, "Mo": null, "Ag": null, "Cd": null, "Sb": null, "Ba": 0.0, "Hg": null, "Pb": null }, "geometry": { "type": "Point", "coordinates": [ -40.01370815699994, -13.234347419999949 ] } },
{ "type": "Feature", "properties": { "OBJECTID": 165, "X": 463460.0, "Y": 8533269.0, "ID": "TCL83", "Prof": "0-20", "Mg": null, "Al": 0.0, "K": 0.0, "Ca": 0.0, "V": null, "Cr": 0.0, "Mn": 0.0, "Fe": 0.0, "Co": null, "Ni": null, "Cu": 0.0, "Zn": 0.0, "As_": null, "Se": null, "Mo": null, "Ag": null, "Cd": null, "Sb": null, "Ba": 0.0, "Hg": null, "Pb": null }, "geometry": { "type": "Point", "coordinates": [ -39.337319330999946, -13.267395730999965 ] } },
{ "type": "Feature", "properties": { "OBJECTID": 166, "X": 463460.0, "Y": 8533269.0, "ID": "TCL83", "Prof": "50-70", "Mg": "< LOD", "Al": 249457.74137100001, "K": 776.14333741500002, "Ca": 0.0, "V": "< LOD", "Cr": 53.959590154899999, "Mn": 111.360830431, "Fe": 31217.884170699999, "Co": "< LOD", "Ni": "< LOD", "Cu": 7.6455060796399996, "Zn": 57.041935680900004, "As_": "< LOD", "Se": "< LOD", "Mo": "18", "Ag": "< LOD", "Cd": "< LOD", "Sb": "< LOD", "Ba": 0.0, "Hg": "< LOD", "Pb": "10,676368425" }, "geometry": { "type": "Point", "coordinates": [ -39.337319330999946, -13.267395730999965 ] } },
{ "type": "Feature", "properties": { "OBJECTID": 167, "X": 495891.0, "Y": 8536231.0, "ID": "TCL84", "Prof": "0-20", "Mg": null, "Al": 0.0, "K": 0.0, "Ca": 0.0, "V": null, "Cr": 0.0, "Mn": 0.0, "Fe": 0.0, "Co": null, "Ni": null, "Cu": 0.0, "Zn": 0.0, "As_": null, "Se": null, "Mo": null, "Ag": null, "Cd": null, "Sb": null, "Ba": 0.0, "Hg": null, "Pb": null }, "geometry": { "type": "Point", "coordinates": [ -39.037928348999969, -13.24083213199998 ] } },
{ "type": "Feature", "properties": { "OBJECTID": 168, "X": 495891.0, "Y": 8536231.0, "ID": "TCL84", "Prof": "50-70", "Mg": null, "Al": 0.0, "K": 0.0, "Ca": 0.0, "V": null, "Cr": 0.0, "Mn": 0.0, "Fe": 0.0, "Co": null, "Ni": null, "Cu": 0.0, "Zn": 0.0, "As_": null, "Se": null, "Mo": null, "Ag": null, "Cd": null, "Sb": null, "Ba": 0.0, "Hg": null, "Pb": null }, "geometry": { "type": "Point", "coordinates": [ -39.037928348999969, -13.24083213199998 ] } },
{ "type": "Feature", "properties": { "OBJECTID": 169, "X": 497644.0, "Y": 8527273.0, "ID": "TCL85", "Prof": "0-20", "Mg": null, "Al": 0.0, "K": 0.0, "Ca": 0.0, "V": null, "Cr": 0.0, "Mn": 0.0, "Fe": 0.0, "Co": null, "Ni": null, "Cu": 0.0, "Zn": 0.0, "As_": null, "Se": null, "Mo": null, "Ag": null, "Cd": null, "Sb": null, "Ba": 0.0, "Hg": null, "Pb": null }, "geometry": { "type": "Point", "coordinates": [ -39.021754399999963, -13.321836904999941 ] } },
{ "type": "Feature", "properties": { "OBJECTID": 170, "X": 497644.0, "Y": 8527273.0, "ID": "TCL85", "Prof": "50-70", "Mg": null, "Al": 0.0, "K": 0.0, "Ca": 0.0, "V": null, "Cr": 0.0, "Mn": 0.0, "Fe": 0.0, "Co": null, "Ni": null, "Cu": 0.0, "Zn": 0.0, "As_": null, "Se": null, "Mo": null, "Ag": null, "Cd": null, "Sb": null, "Ba": 0.0, "Hg": null, "Pb": null }, "geometry": { "type": "Point", "coordinates": [ -39.021754399999963, -13.321836904999941 ] } },
{ "type": "Feature", "properties": { "OBJECTID": 171, "X": 500379.0, "Y": 8485015.0, "ID": "TCL86", "Prof": "0-20", "Mg": null, "Al": 0.0, "K": 0.0, "Ca": 0.0, "V": null, "Cr": 0.0, "Mn": 0.0, "Fe": 0.0, "Co": null, "Ni": null, "Cu": 0.0, "Zn": 0.0, "As_": null, "Se": null, "Mo": null, "Ag": null, "Cd": null, "Sb": null, "Ba": 0.0, "Hg": null, "Pb": null }, "geometry": { "type": "Point", "coordinates": [ -38.996494881999979, -13.703949588999933 ] } },
{ "type": "Feature", "properties": { "OBJECTID": 172, "X": 500379.0, "Y": 8485015.0, "ID": "TCL86", "Prof": "50-70", "Mg": null, "Al": 0.0, "K": 0.0, "Ca": 0.0, "V": null, "Cr": 0.0, "Mn": 0.0, "Fe": 0.0, "Co": null, "Ni": null, "Cu": 0.0, "Zn": 0.0, "As_": null, "Se": null, "Mo": null, "Ag": null, "Cd": null, "Sb": null, "Ba": 0.0, "Hg": null, "Pb": null }, "geometry": { "type": "Point", "coordinates": [ -38.996494881999979, -13.703949588999933 ] } },
{ "type": "Feature", "properties": { "OBJECTID": 173, "X": 572672.0, "Y": 8746612.0, "ID": "TCL217", "Prof": "0-20", "Mg": "17342,86", "Al": 94486.595596900006, "K": 36099.690112299999, "Ca": 15213.871200699999, "V": "47,932694047", "Cr": 29.9053150256, "Mn": 602.21342281499994, "Fe": 19473.8737344, "Co": "< LOD", "Ni": "< LOD", "Cu": 43.688606169400003, "Zn": 45.240155884799996, "As_": "< LOD", "Se": "< LOD", "Mo": "7", "Ag": "< LOD", "Cd": "< LOD", "Sb": "< LOD", "Ba": 582.91943064400004, "Hg": "< LOD", "Pb": "15,124855269" }, "geometry": { "type": "Point", "coordinates": [ -38.334017219999964, -11.337568579999981 ] } },
{ "type": "Feature", "properties": { "OBJECTID": 174, "X": 572672.0, "Y": 8746612.0, "ID": "TCL217", "Prof": "50-70", "Mg": "19864,91", "Al": 103355.50518199999, "K": 37056.3319003, "Ca": 8007.0729577900001, "V": "58,584403836", "Cr": 44.857972538399999, "Mn": 299.48495174099997, "Fe": 18588.600065300001, "Co": "< LOD", "Ni": "< LOD", "Cu": 33.858669781300001, "Zn": 37.372302687500003, "As_": "< LOD", "Se": "< LOD", "Mo": "6", "Ag": "< LOD", "Cd": "< LOD", "Sb": "< LOD", "Ba": 651.985713895, "Hg": "< LOD", "Pb": "18,683644744" }, "geometry": { "type": "Point", "coordinates": [ -38.334017219999964, -11.337568579999981 ] } },
{ "type": "Feature", "properties": { "OBJECTID": 175, "X": 433194.0, "Y": 8651013.0, "ID": "TCL111", "Prof": "0-20", "Mg": null, "Al": 0.0, "K": 0.0, "Ca": 0.0, "V": null, "Cr": 0.0, "Mn": 0.0, "Fe": 0.0, "Co": null, "Ni": null, "Cu": 0.0, "Zn": 0.0, "As_": null, "Se": null, "Mo": null, "Ag": null, "Cd": null, "Sb": null, "Ba": 0.0, "Hg": null, "Pb": null }, "geometry": { "type": "Point", "coordinates": [ -39.614143166999952, -12.202187735999928 ] } },
{ "type": "Feature", "properties": { "OBJECTID": 176, "X": 433194.0, "Y": 8651013.0, "ID": "TCL111", "Prof": "50-70", "Mg": null, "Al": 0.0, "K": 0.0, "Ca": 0.0, "V": null, "Cr": 0.0, "Mn": 0.0, "Fe": 0.0, "Co": null, "Ni": null, "Cu": 0.0, "Zn": 0.0, "As_": null, "Se": null, "Mo": null, "Ag": null, "Cd": null, "Sb": null, "Ba": 0.0, "Hg": null, "Pb": null }, "geometry": { "type": "Point", "coordinates": [ -39.614143166999952, -12.202187735999928 ] } },
{ "type": "Feature", "properties": { "OBJECTID": 177, "X": 475478.0, "Y": 8655164.0, "ID": "TCL112", "Prof": "0-20", "Mg": null, "Al": 0.0, "K": 0.0, "Ca": 0.0, "V": null, "Cr": 0.0, "Mn": 0.0, "Fe": 0.0, "Co": null, "Ni": null, "Cu": 0.0, "Zn": 0.0, "As_": null, "Se": null, "Mo": null, "Ag": null, "Cd": null, "Sb": null, "Ba": 0.0, "Hg": null, "Pb": null }, "geometry": { "type": "Point", "coordinates": [ -39.225401374999933, -12.165241590999926 ] } },
{ "type": "Feature", "properties": { "OBJECTID": 178, "X": 475478.0, "Y": 8655164.0, "ID": "TCL112", "Prof": "50-70", "Mg": null, "Al": 0.0, "K": 0.0, "Ca": 0.0, "V": null, "Cr": 0.0, "Mn": 0.0, "Fe": 0.0, "Co": null, "Ni": null, "Cu": 0.0, "Zn": 0.0, "As_": null, "Se": null, "Mo": null, "Ag": null, "Cd": null, "Sb": null, "Ba": 0.0, "Hg": null, "Pb": null }, "geometry": { "type": "Point", "coordinates": [ -39.225401374999933, -12.165241590999926 ] } },
{ "type": "Feature", "properties": { "OBJECTID": 179, "X": 506118.0, "Y": 8639332.0, "ID": "TCL113", "Prof": "0-20", "Mg": null, "Al": 0.0, "K": 0.0, "Ca": 0.0, "V": null, "Cr": 0.0, "Mn": 0.0, "Fe": 0.0, "Co": null, "Ni": null, "Cu": 0.0, "Zn": 0.0, "As_": null, "Se": null, "Mo": null, "Ag": null, "Cd": null, "Sb": null, "Ba": 0.0, "Hg": null, "Pb": null }, "geometry": { "type": "Point", "coordinates": [ -38.943734120999977, -12.308500179999953 ] } },
{ "type": "Feature", "properties": { "OBJECTID": 180, "X": 506118.0, "Y": 8639332.0, "ID": "TCL113", "Prof": "50-70", "Mg": null, "Al": 0.0, "K": 0.0, "Ca": 0.0, "V": null, "Cr": 0.0, "Mn": 0.0, "Fe": 0.0, "Co": null, "Ni": null, "Cu": 0.0, "Zn": 0.0, "As_": null, "Se": null, "Mo": null, "Ag": null, "Cd": null, "Sb": null, "Ba": 0.0, "Hg": null, "Pb": null }, "geometry": { "type": "Point", "coordinates": [ -38.943734120999977, -12.308500179999953 ] } },
{ "type": "Feature", "properties": { "OBJECTID": 181, "X": 521911.0, "Y": 8626778.0, "ID": "TCL114", "Prof": "0-20", "Mg": null, "Al": 0.0, "K": 0.0, "Ca": 0.0, "V": null, "Cr": 0.0, "Mn": 0.0, "Fe": 0.0, "Co": null, "Ni": null, "Cu": 0.0, "Zn": 0.0, "As_": null, "Se": null, "Mo": null, "Ag": null, "Cd": null, "Sb": null, "Ba": 0.0, "Hg": null, "Pb": null }, "geometry": { "type": "Point", "coordinates": [ -38.798402837999959, -12.421958664999977 ] } },
{ "type": "Feature", "properties": { "OBJECTID": 182, "X": 521911.0, "Y": 8626778.0, "ID": "TCL114", "Prof": "50-70", "Mg": null, "Al": 0.0, "K": 0.0, "Ca": 0.0, "V": null, "Cr": 0.0, "Mn": 0.0, "Fe": 0.0, "Co": null, "Ni": null, "Cu": 0.0, "Zn": 0.0, "As_": null, "Se": null, "Mo": null, "Ag": null, "Cd": null, "Sb": null, "Ba": 0.0, "Hg": null, "Pb": null }, "geometry": { "type": "Point", "coordinates": [ -38.798402837999959, -12.421958664999977 ] } },
{ "type": "Feature", "properties": { "OBJECTID": 183, "X": 530131.0, "Y": 8613095.0, "ID": "TCL115", "Prof": "0-20", "Mg": null, "Al": 0.0, "K": 0.0, "Ca": 0.0, "V": null, "Cr": 0.0, "Mn": 0.0, "Fe": 0.0, "Co": null, "Ni": null, "Cu": 0.0, "Zn": 0.0, "As_": null, "Se": null, "Mo": null, "Ag": null, "Cd": null, "Sb": null, "Ba": 0.0, "Hg": null, "Pb": null }, "geometry": { "type": "Point", "coordinates": [ -38.722641650999947, -12.545626703999972 ] } },
{ "type": "Feature", "properties": { "OBJECTID": 184, "X": 530131.0, "Y": 8613095.0, "ID": "TCL115", "Prof": "50-70", "Mg": null, "Al": 0.0, "K": 0.0, "Ca": 0.0, "V": null, "Cr": 0.0, "Mn": 0.0, "Fe": 0.0, "Co": null, "Ni": null, "Cu": 0.0, "Zn": 0.0, "As_": null, "Se": null, "Mo": null, "Ag": null, "Cd": null, "Sb": null, "Ba": 0.0, "Hg": null, "Pb": null }, "geometry": { "type": "Point", "coordinates": [ -38.722641650999947, -12.545626703999972 ] } },
{ "type": "Feature", "properties": { "OBJECTID": 185, "X": 571573.0, "Y": 8570055.0, "ID": "TCL117", "Prof": "0-20", "Mg": null, "Al": 0.0, "K": 0.0, "Ca": 0.0, "V": null, "Cr": 0.0, "Mn": 0.0, "Fe": 0.0, "Co": null, "Ni": null, "Cu": 0.0, "Zn": 0.0, "As_": null, "Se": null, "Mo": null, "Ag": null, "Cd": null, "Sb": null, "Ba": 0.0, "Hg": null, "Pb": null }, "geometry": { "type": "Point", "coordinates": [ -38.340171080999937, -12.934141986999975 ] } },
{ "type": "Feature", "properties": { "OBJECTID": 186, "X": 571573.0, "Y": 8570055.0, "ID": "TCL117", "Prof": "50-70", "Mg": null, "Al": 0.0, "K": 0.0, "Ca": 0.0, "V": null, "Cr": 0.0, "Mn": 0.0, "Fe": 0.0, "Co": null, "Ni": null, "Cu": 0.0, "Zn": 0.0, "As_": null, "Se": null, "Mo": null, "Ag": null, "Cd": null, "Sb": null, "Ba": 0.0, "Hg": null, "Pb": null }, "geometry": { "type": "Point", "coordinates": [ -38.340171080999937, -12.934141986999975 ] } }
]
}
